geoUnit,year,Number of years of compulsory primary and secondary education guaranteed in legal frameworks
ABW,2000,0
ABW,2001,0
ABW,2002,0
ABW,2003,0
ABW,2004,0
ABW,2005,0
ABW,2006,0
ABW,2007,0
ABW,2008,0
ABW,2009,0
ABW,2010,0
ABW,2011,11
ABW,2012,11
ABW,2013,11
ABW,2014,11
ABW,2015,11
ABW,2016,11
ABW,2017,11
ABW,2018,11
ABW,2019,11
ABW,2020,11
ABW,2021,11
ABW,2022,11
ABW,2023,11
AFG,2000,6
AFG,2001,6
AFG,2002,6
AFG,2003,6
AFG,2004,6
AFG,2005,6
AFG,2006,6
AFG,2007,6
AFG,2008,9
AFG,2009,9
AFG,2010,9
AFG,2011,9
AFG,2012,9
AFG,2013,9
AFG,2014,9
AFG,2015,9
AFG,2016,9
AFG,2017,9
AFG,2018,9
AFG,2019,9
AFG,2020,9
AFG,2021,9
AFG,2022,9
AFG,2023,9
AFG,2024,9
AGO,2000,4
AGO,2001,4
AGO,2002,4
AGO,2003,4
AGO,2004,4
AGO,2005,4
AGO,2006,4
AGO,2007,6
AGO,2008,6
AGO,2009,6
AGO,2010,6
AGO,2011,6
AGO,2012,6
AGO,2013,6
AGO,2014,6
AGO,2015,6
AGO,2016,9
AGO,2017,9
AGO,2018,9
AGO,2019,9
AGO,2020,9
AGO,2021,9
AGO,2022,9
AGO,2023,9
AGO,2024,9
AIA,2000,12
AIA,2001,12
AIA,2002,12
AIA,2003,12
AIA,2004,12
AIA,2005,12
AIA,2006,12
AIA,2007,12
AIA,2008,12
AIA,2009,12
AIA,2010,12
AIA,2011,12
AIA,2012,12
AIA,2013,12
AIA,2014,12
AIA,2015,12
AIA,2016,12
AIA,2017,12
AIA,2018,12
AIA,2019,12
AIA,2020,12
AIA,2021,12
AIA,2022,12
AIA,2023,12
ALB,2000,8
ALB,2001,8
ALB,2002,8
ALB,2003,8
ALB,2004,8
ALB,2005,8
ALB,2006,8
ALB,2007,8
ALB,2008,8
ALB,2009,8
ALB,2010,8
ALB,2011,8
ALB,2012,9
ALB,2013,9
ALB,2014,9
ALB,2015,9
ALB,2016,9
ALB,2017,9
ALB,2021,9
ALB,2022,9
ALB,2023,9
ALB,2024,9
AND,2000,10
AND,2001,10
AND,2002,10
AND,2003,10
AND,2004,10
AND,2005,10
AND,2006,10
AND,2007,10
AND,2008,10
AND,2009,10
AND,2010,10
AND,2011,10
AND,2012,10
AND,2013,10
AND,2014,10
AND,2015,10
AND,2016,10
AND,2017,10
AND,2018,10
AND,2019,10
AND,2020,10
AND,2021,10
AND,2022,10
AND,2023,10
AND,2024,10
ARE,2000,6
ARE,2001,6
ARE,2002,6
ARE,2003,6
ARE,2004,6
ARE,2005,6
ARE,2006,6
ARE,2007,6
ARE,2008,6
ARE,2009,6
ARE,2010,6
ARE,2011,6
ARE,2012,12
ARE,2013,12
ARE,2014,12
ARE,2015,12
ARE,2016,12
ARE,2017,12
ARE,2018,12
ARE,2019,12
ARE,2020,12
ARE,2021,12
ARE,2022,12
ARE,2023,12
ARG,2000,9
ARG,2001,9
ARG,2002,9
ARG,2003,9
ARG,2004,9
ARG,2005,9
ARG,2006,12
ARG,2007,12
ARG,2008,12
ARG,2009,12
ARG,2010,12
ARG,2011,12
ARG,2012,12
ARG,2013,12
ARG,2014,12
ARG,2015,12
ARG,2016,12
ARG,2017,12
ARG,2018,12
ARG,2019,12
ARG,2020,12
ARG,2021,12
ARG,2022,12
ARG,2023,12
ARM,2000,10
ARM,2001,10
ARM,2002,10
ARM,2003,10
ARM,2004,10
ARM,2005,10
ARM,2006,10
ARM,2007,10
ARM,2008,10
ARM,2009,10
ARM,2010,10
ARM,2011,11
ARM,2012,12
ARM,2013,12
ARM,2014,12
ARM,2015,12
ARM,2016,12
ARM,2017,12
ARM,2018,12
ARM,2019,12
ARM,2020,12
ARM,2021,12
ARM,2022,12
ARM,2023,12
ARM,2024,12
ATG,2000,11
ATG,2001,11
ATG,2002,11
ATG,2003,11
ATG,2004,11
ATG,2005,11
ATG,2006,11
ATG,2007,11
ATG,2008,11
ATG,2009,11
ATG,2010,11
ATG,2011,11
ATG,2012,11
ATG,2013,11
ATG,2014,11
ATG,2015,11
ATG,2016,11
ATG,2017,11
ATG,2018,11
ATG,2019,11
ATG,2020,11
ATG,2021,11
ATG,2022,11
ATG,2023,11
AUS,2000,11
AUS,2001,11
AUS,2002,11
AUS,2003,11
AUS,2004,11
AUS,2005,11
AUS,2006,11
AUS,2007,11
AUS,2008,11
AUS,2009,11
AUS,2010,11
AUS,2011,11
AUS,2012,11
AUS,2013,11
AUS,2014,11
AUS,2015,11
AUS,2016,11
AUS,2017,11
AUS,2018,11
AUS,2019,11
AUS,2020,11
AUS,2021,11
AUS,2022,11
AUS,2023,11
AUS,2024,11
AUT,2000,9
AUT,2001,9
AUT,2002,9
AUT,2003,9
AUT,2004,9
AUT,2005,9
AUT,2006,9
AUT,2007,9
AUT,2008,9
AUT,2009,9
AUT,2010,9
AUT,2011,9
AUT,2012,9
AUT,2013,9
AUT,2014,9
AUT,2015,9
AUT,2016,9
AUT,2017,12
AUT,2018,12
AUT,2019,12
AUT,2020,12
AUT,2021,12
AUT,2022,12
AUT,2023,12
AZE,2000,9
AZE,2001,9
AZE,2002,9
AZE,2003,9
AZE,2004,9
AZE,2005,9
AZE,2006,9
AZE,2007,9
AZE,2008,9
AZE,2009,9
AZE,2010,9
AZE,2011,9
AZE,2012,9
AZE,2013,9
AZE,2014,9
AZE,2015,9
AZE,2016,9
AZE,2017,9
AZE,2018,9
AZE,2019,9
AZE,2020,9
AZE,2021,9
AZE,2022,9
AZE,2023,9
AZE,2024,9
BDI,2000,0
BDI,2001,0
BDI,2002,0
BDI,2003,0
BDI,2004,0
BDI,2005,0
BDI,2006,0
BDI,2007,0
BDI,2008,0
BDI,2009,0
BDI,2010,0
BDI,2011,0
BDI,2012,0
BDI,2013,0
BDI,2014,0
BDI,2015,0
BDI,2016,0
BDI,2017,0
BDI,2018,0
BDI,2019,0
BDI,2020,0
BDI,2021,0
BDI,2022,0
BDI,2023,0
BEL,2000,12
BEL,2001,12
BEL,2002,12
BEL,2003,12
BEL,2004,12
BEL,2005,12
BEL,2006,12
BEL,2007,12
BEL,2008,12
BEL,2009,12
BEL,2010,12
BEL,2011,12
BEL,2012,12
BEL,2013,12
BEL,2014,12
BEL,2015,12
BEL,2016,12
BEL,2017,12
BEL,2018,12
BEL,2019,12
BEL,2020,12
BEL,2021,12
BEL,2022,12
BEL,2023,12
BEN,2000,6
BEN,2001,6
BEN,2002,6
BEN,2003,6
BEN,2004,6
BEN,2005,6
BEN,2006,6
BEN,2007,6
BEN,2008,6
BEN,2009,6
BEN,2010,6
BEN,2011,6
BEN,2012,6
BEN,2013,6
BEN,2014,6
BEN,2015,6
BEN,2016,6
BEN,2017,6
BEN,2018,6
BEN,2019,6
BEN,2020,6
BEN,2021,6
BEN,2022,6
BEN,2023,6
BFA,2000,9
BFA,2001,9
BFA,2002,9
BFA,2003,9
BFA,2004,9
BFA,2005,9
BFA,2006,9
BFA,2007,9
BFA,2008,9
BFA,2009,9
BFA,2010,10
BFA,2011,10
BFA,2012,10
BFA,2013,10
BFA,2014,10
BFA,2015,10
BFA,2016,10
BFA,2017,10
BFA,2018,10
BFA,2019,10
BFA,2020,10
BFA,2021,10
BFA,2022,10
BFA,2023,10
BGD,2000,5
BGD,2001,5
BGD,2002,5
BGD,2003,5
BGD,2004,5
BGD,2005,5
BGD,2006,5
BGD,2007,5
BGD,2008,5
BGD,2009,5
BGD,2010,5
BGD,2011,5
BGD,2012,5
BGD,2013,5
BGD,2014,5
BGD,2015,5
BGD,2016,5
BGD,2017,5
BGD,2018,5
BGD,2019,5
BGD,2020,5
BGD,2021,5
BGD,2022,5
BGD,2023,5
BGD,2024,5
BGR,2000,9
BGR,2001,9
BGR,2002,9
BGR,2003,9
BGR,2004,9
BGR,2005,9
BGR,2006,9
BGR,2007,9
BGR,2008,9
BGR,2009,9
BGR,2010,9
BGR,2011,9
BGR,2012,9
BGR,2013,9
BGR,2014,9
BGR,2015,9
BGR,2016,9
BGR,2017,9
BGR,2018,9
BGR,2019,9
BGR,2020,9
BGR,2021,9
BGR,2022,9
BGR,2023,9
BHR,2000,0
BHR,2001,0
BHR,2002,0
BHR,2003,0
BHR,2004,9
BHR,2005,9
BHR,2006,9
BHR,2007,9
BHR,2008,9
BHR,2009,9
BHR,2010,9
BHR,2011,9
BHR,2012,9
BHR,2013,9
BHR,2014,9
BHR,2015,9
BHR,2016,9
BHR,2017,9
BHR,2018,9
BHR,2019,9
BHR,2020,9
BHR,2021,9
BHR,2022,9
BHR,2023,9
BHS,2000,12
BHS,2001,12
BHS,2002,12
BHS,2003,12
BHS,2004,12
BHS,2005,12
BHS,2006,12
BHS,2007,12
BHS,2008,12
BHS,2009,12
BHS,2010,12
BHS,2011,12
BHS,2012,12
BHS,2013,12
BHS,2014,12
BHS,2015,12
BHS,2016,12
BHS,2017,12
BHS,2018,12
BHS,2019,12
BHS,2020,12
BHS,2021,12
BHS,2022,12
BHS,2023,12
BIH,2000,8
BIH,2001,8
BIH,2002,8
BIH,2003,8
BIH,2004,8
BIH,2005,9
BIH,2006,9
BIH,2007,9
BIH,2008,9
BIH,2009,9
BIH,2010,9
BIH,2011,9
BIH,2012,9
BIH,2013,9
BIH,2014,9
BIH,2015,9
BIH,2016,9
BIH,2017,9
BIH,2018,9
BIH,2019,9
BIH,2020,9
BIH,2021,9
BIH,2022,9
BIH,2023,9
BIH,2024,9
BLR,2000,9
BLR,2001,9
BLR,2002,9
BLR,2003,9
BLR,2004,9
BLR,2005,9
BLR,2006,9
BLR,2007,9
BLR,2008,9
BLR,2009,9
BLR,2010,9
BLR,2011,9
BLR,2012,9
BLR,2013,9
BLR,2014,9
BLR,2015,9
BLR,2016,9
BLR,2017,9
BLR,2018,9
BLR,2019,9
BLR,2020,9
BLR,2021,9
BLR,2022,11
BLR,2023,11
BLR,2024,11
BLZ,2000,8
BLZ,2001,8
BLZ,2002,8
BLZ,2003,8
BLZ,2004,8
BLZ,2005,8
BLZ,2006,8
BLZ,2007,8
BLZ,2008,8
BLZ,2009,8
BLZ,2010,8
BLZ,2011,8
BLZ,2012,8
BLZ,2013,8
BLZ,2014,8
BLZ,2015,8
BLZ,2016,8
BLZ,2017,8
BLZ,2018,8
BLZ,2019,8
BLZ,2020,8
BLZ,2021,8
BLZ,2022,8
BLZ,2023,8
BMU,2000,13
BMU,2001,13
BMU,2002,13
BMU,2003,13
BMU,2004,13
BMU,2005,13
BMU,2006,13
BMU,2007,13
BMU,2008,13
BMU,2009,13
BMU,2010,13
BMU,2011,13
BMU,2012,13
BMU,2013,13
BMU,2014,13
BMU,2015,13
BMU,2016,13
BMU,2017,13
BMU,2018,13
BMU,2019,13
BMU,2020,13
BMU,2021,13
BMU,2022,13
BMU,2023,13
BOL,2000,8
BOL,2001,8
BOL,2002,8
BOL,2003,8
BOL,2004,8
BOL,2005,8
BOL,2006,8
BOL,2007,8
BOL,2008,8
BOL,2009,12
BOL,2010,12
BOL,2011,12
BOL,2012,12
BOL,2013,12
BOL,2014,12
BOL,2015,12
BOL,2016,12
BOL,2017,12
BOL,2018,12
BOL,2019,12
BOL,2020,12
BOL,2021,12
BOL,2022,12
BOL,2023,12
BOL,2024,12
BRA,2000,8
BRA,2001,8
BRA,2002,8
BRA,2003,8
BRA,2004,8
BRA,2005,8
BRA,2006,8
BRA,2007,8
BRA,2008,8
BRA,2009,8
BRA,2010,8
BRA,2011,8
BRA,2012,8
BRA,2013,12
BRA,2014,12
BRA,2015,12
BRA,2016,12
BRA,2017,12
BRA,2018,12
BRA,2019,12
BRA,2020,12
BRA,2021,12
BRA,2022,12
BRA,2023,12
BRB,2000,11
BRB,2001,11
BRB,2002,11
BRB,2003,11
BRB,2004,11
BRB,2005,11
BRB,2006,11
BRB,2007,11
BRB,2008,11
BRB,2009,11
BRB,2010,11
BRB,2011,11
BRB,2012,11
BRB,2013,11
BRB,2014,11
BRB,2015,11
BRB,2016,11
BRB,2017,11
BRB,2018,11
BRB,2019,11
BRB,2020,11
BRB,2021,11
BRB,2022,11
BRB,2023,11
BRN,2000,0
BRN,2001,0
BRN,2002,0
BRN,2003,0
BRN,2004,0
BRN,2005,0
BRN,2006,0
BRN,2007,9
BRN,2008,9
BRN,2009,9
BRN,2010,9
BRN,2011,9
BRN,2012,9
BRN,2013,9
BRN,2014,9
BRN,2015,9
BRN,2016,9
BRN,2017,9
BRN,2018,9
BRN,2019,9
BRN,2020,9
BRN,2021,9
BRN,2022,9
BRN,2023,9
BRN,2024,9
BTN,2000,0
BTN,2001,0
BTN,2002,0
BTN,2003,0
BTN,2004,0
BTN,2005,0
BTN,2006,0
BTN,2007,0
BTN,2008,0
BTN,2009,0
BTN,2010,0
BTN,2011,0
BTN,2012,0
BTN,2013,0
BTN,2014,0
BTN,2015,0
BTN,2016,0
BTN,2017,0
BTN,2018,0
BTN,2019,0
BTN,2020,0
BTN,2021,0
BTN,2022,0
BTN,2023,0
BTN,2024,0
BWA,2000,0
BWA,2001,0
BWA,2002,0
BWA,2003,0
BWA,2004,0
BWA,2005,0
BWA,2006,0
BWA,2007,0
BWA,2008,0
BWA,2009,0
BWA,2010,0
BWA,2011,0
BWA,2012,0
BWA,2013,0
BWA,2014,0
BWA,2015,0
BWA,2016,0
BWA,2017,0
BWA,2018,0
BWA,2019,0
BWA,2020,0
BWA,2021,0
BWA,2022,0
BWA,2023,0
CAF,2000,10
CAF,2001,10
CAF,2002,10
CAF,2003,10
CAF,2004,10
CAF,2005,10
CAF,2006,10
CAF,2007,10
CAF,2008,10
CAF,2009,10
CAF,2010,10
CAF,2011,10
CAF,2012,10
CAF,2013,10
CAF,2014,10
CAF,2015,10
CAF,2016,10
CAF,2017,10
CAF,2018,10
CAF,2019,10
CAF,2020,10
CAF,2021,10
CAF,2022,10
CAF,2023,10
CAN,2000,10
CAN,2001,10
CAN,2002,10
CAN,2003,10
CAN,2004,10
CAN,2005,10
CAN,2006,10
CAN,2007,10
CAN,2008,10
CAN,2009,10
CAN,2010,10
CAN,2011,10
CAN,2012,10
CAN,2013,10
CAN,2014,10
CAN,2015,10
CAN,2016,10
CAN,2017,10
CAN,2018,10
CAN,2019,10
CAN,2020,10
CAN,2021,10
CAN,2022,10
CAN,2023,10
CHE,2000,9
CHE,2001,9
CHE,2002,9
CHE,2003,9
CHE,2004,9
CHE,2005,9
CHE,2006,9
CHE,2007,9
CHE,2008,9
CHE,2009,9
CHE,2010,9
CHE,2011,9
CHE,2012,9
CHE,2013,9
CHE,2014,9
CHE,2015,10
CHE,2016,10
CHE,2017,10
CHE,2018,10
CHE,2019,10
CHE,2020,10
CHE,2021,10
CHE,2022,10
CHE,2023,10
CHE,2024,10
CHL,2000,8
CHL,2001,8
CHL,2002,8
CHL,2003,12
CHL,2004,12
CHL,2005,12
CHL,2006,12
CHL,2007,12
CHL,2008,12
CHL,2009,12
CHL,2010,12
CHL,2011,12
CHL,2012,12
CHL,2013,12
CHL,2014,12
CHL,2015,12
CHL,2016,12
CHL,2017,12
CHL,2018,12
CHL,2019,12
CHL,2020,12
CHL,2021,12
CHL,2022,12
CHL,2023,12
CHN,2000,9
CHN,2001,9
CHN,2002,9
CHN,2003,9
CHN,2004,9
CHN,2005,9
CHN,2006,9
CHN,2007,9
CHN,2008,9
CHN,2009,9
CHN,2010,9
CHN,2011,9
CHN,2012,9
CHN,2013,9
CHN,2014,9
CHN,2015,9
CHN,2016,9
CHN,2017,9
CHN,2018,9
CHN,2019,9
CHN,2020,9
CHN,2021,9
CHN,2022,9
CHN,2023,9
CHN,2024,9
CIV,2000,10
CIV,2001,10
CIV,2002,10
CIV,2003,10
CIV,2004,10
CIV,2005,10
CIV,2006,10
CIV,2007,10
CIV,2008,10
CIV,2009,10
CIV,2010,10
CIV,2011,10
CIV,2012,10
CIV,2013,10
CIV,2014,10
CIV,2015,10
CIV,2016,10
CIV,2017,10
CIV,2018,10
CIV,2019,10
CIV,2020,10
CIV,2021,10
CIV,2022,10
CIV,2023,10
CMR,2000,6
CMR,2001,6
CMR,2002,6
CMR,2003,6
CMR,2004,6
CMR,2005,6
CMR,2006,6
CMR,2007,6
CMR,2008,6
CMR,2009,6
CMR,2010,6
CMR,2011,6
CMR,2012,6
CMR,2013,6
CMR,2014,6
CMR,2015,6
CMR,2016,6
CMR,2017,6
CMR,2018,6
CMR,2019,6
CMR,2020,6
CMR,2021,6
CMR,2022,6
CMR,2023,6
CMR,2024,6
COD,2000,6
COD,2001,6
COD,2002,6
COD,2003,6
COD,2004,6
COD,2005,6
COD,2006,6
COD,2007,6
COD,2008,6
COD,2009,6
COD,2010,6
COD,2011,6
COD,2012,6
COD,2013,6
COD,2014,6
COD,2015,6
COD,2016,6
COD,2017,6
COD,2018,6
COD,2019,6
COD,2020,6
COD,2021,6
COD,2022,6
COD,2023,6
COG,2000,10
COG,2001,10
COG,2002,10
COG,2003,10
COG,2004,10
COG,2005,10
COG,2006,10
COG,2007,10
COG,2008,10
COG,2009,10
COG,2010,10
COG,2011,10
COG,2012,10
COG,2013,10
COG,2014,10
COG,2015,10
COG,2016,10
COG,2017,10
COG,2018,10
COG,2019,10
COG,2020,10
COG,2021,10
COG,2022,10
COG,2023,10
COK,2000,10
COK,2001,10
COK,2002,10
COK,2003,10
COK,2004,10
COK,2005,10
COK,2006,10
COK,2007,10
COK,2008,10
COK,2009,11
COK,2010,11
COK,2011,11
COK,2012,11
COK,2013,11
COK,2014,11
COK,2015,12
COK,2016,12
COK,2017,12
COK,2018,12
COK,2019,12
COK,2020,12
COK,2021,12
COK,2022,12
COK,2023,12
COK,2024,12
COL,2000,9
COL,2001,9
COL,2002,9
COL,2003,9
COL,2004,9
COL,2005,9
COL,2006,9
COL,2007,9
COL,2008,9
COL,2009,9
COL,2010,9
COL,2011,9
COL,2012,9
COL,2013,9
COL,2014,9
COL,2015,11
COL,2016,11
COL,2017,11
COL,2018,11
COL,2019,11
COL,2020,11
COL,2021,11
COL,2022,11
COL,2023,11
COM,2000,6
COM,2001,6
COM,2002,6
COM,2003,6
COM,2004,6
COM,2005,6
COM,2006,6
COM,2007,6
COM,2008,6
COM,2009,6
COM,2010,6
COM,2011,6
COM,2012,6
COM,2013,6
COM,2014,6
COM,2015,6
COM,2016,6
COM,2017,6
COM,2018,6
COM,2019,6
COM,2020,6
COM,2021,6
COM,2022,6
COM,2023,6
CPV,2000,6
CPV,2001,6
CPV,2002,6
CPV,2003,6
CPV,2004,6
CPV,2005,6
CPV,2006,6
CPV,2007,6
CPV,2008,6
CPV,2009,6
CPV,2010,10
CPV,2011,10
CPV,2012,10
CPV,2013,10
CPV,2014,10
CPV,2015,10
CPV,2016,10
CPV,2017,10
CPV,2018,10
CPV,2019,10
CPV,2020,10
CPV,2021,10
CPV,2022,10
CPV,2023,10
CRI,2000,9
CRI,2001,9
CRI,2002,9
CRI,2003,9
CRI,2004,9
CRI,2005,9
CRI,2006,9
CRI,2007,9
CRI,2008,9
CRI,2009,9
CRI,2010,9
CRI,2011,11
CRI,2012,11
CRI,2013,11
CRI,2014,11
CRI,2015,11
CRI,2016,11
CRI,2017,11
CRI,2018,11
CRI,2019,11
CRI,2020,11
CRI,2021,11
CRI,2022,11
CRI,2023,11
CUB,2000,9
CUB,2001,9
CUB,2002,9
CUB,2003,9
CUB,2004,9
CUB,2005,9
CUB,2006,9
CUB,2007,9
CUB,2008,9
CUB,2009,9
CUB,2010,9
CUB,2011,9
CUB,2012,9
CUB,2013,9
CUB,2014,9
CUB,2015,9
CUB,2016,9
CUB,2017,9
CUB,2018,9
CUB,2019,9
CUB,2020,9
CUB,2021,9
CUB,2022,9
CUB,2023,9
CUW,2000,10
CUW,2001,10
CUW,2002,10
CUW,2003,10
CUW,2004,10
CUW,2005,10
CUW,2006,10
CUW,2007,12
CUW,2008,12
CUW,2009,12
CUW,2010,12
CUW,2011,12
CUW,2012,12
CUW,2013,12
CUW,2014,12
CUW,2015,12
CUW,2016,12
CUW,2017,12
CUW,2018,12
CUW,2019,12
CUW,2020,12
CUW,2021,12
CUW,2022,12
CUW,2023,12
CUW,2024,12
CYM,2000,11
CYM,2001,11
CYM,2002,11
CYM,2003,11
CYM,2004,11
CYM,2005,11
CYM,2006,11
CYM,2007,11
CYM,2008,11
CYM,2009,11
CYM,2010,11
CYM,2011,11
CYM,2012,11
CYM,2013,11
CYM,2014,11
CYM,2015,11
CYM,2016,11
CYM,2017,11
CYM,2018,11
CYM,2019,11
CYM,2020,11
CYM,2021,11
CYM,2022,11
CYM,2023,11
CYP,2000,9
CYP,2001,9
CYP,2002,9
CYP,2003,9
CYP,2004,9
CYP,2005,9
CYP,2006,9
CYP,2007,9
CYP,2008,9
CYP,2009,9
CYP,2010,9
CYP,2011,9
CYP,2012,9
CYP,2013,9
CYP,2014,9
CYP,2015,9
CYP,2016,9
CYP,2017,9
CYP,2018,9
CYP,2019,9
CYP,2020,9
CYP,2021,9
CYP,2022,9
CYP,2023,9
CZE,2004,9
CZE,2005,9
CZE,2006,9
CZE,2007,9
CZE,2008,9
CZE,2009,9
CZE,2010,9
CZE,2011,9
CZE,2012,9
CZE,2013,9
CZE,2014,9
CZE,2015,9
CZE,2016,9
CZE,2017,9
CZE,2018,9
CZE,2019,9
CZE,2020,9
CZE,2021,9
CZE,2022,9
CZE,2023,9
DEU,2000,13
DEU,2001,13
DEU,2002,13
DEU,2003,13
DEU,2004,13
DEU,2005,13
DEU,2006,13
DEU,2007,13
DEU,2008,13
DEU,2009,13
DEU,2010,13
DEU,2011,13
DEU,2012,13
DEU,2013,13
DEU,2014,13
DEU,2015,13
DEU,2016,13
DEU,2017,13
DEU,2018,13
DEU,2019,13
DEU,2020,13
DEU,2021,13
DEU,2022,13
DEU,2023,13
DJI,2000,10
DJI,2001,10
DJI,2002,10
DJI,2003,10
DJI,2004,10
DJI,2005,10
DJI,2006,10
DJI,2007,10
DJI,2008,10
DJI,2009,10
DJI,2010,10
DJI,2011,10
DJI,2012,10
DJI,2013,10
DJI,2014,10
DJI,2015,10
DJI,2016,10
DJI,2017,10
DJI,2018,10
DJI,2019,10
DJI,2020,10
DJI,2021,10
DJI,2022,10
DJI,2023,10
DMA,2000,12
DMA,2001,12
DMA,2002,12
DMA,2003,12
DMA,2004,12
DMA,2005,12
DMA,2006,12
DMA,2007,12
DMA,2008,12
DMA,2009,12
DMA,2010,12
DMA,2011,12
DMA,2012,12
DMA,2013,12
DMA,2014,12
DMA,2015,12
DMA,2016,12
DMA,2017,12
DMA,2018,12
DMA,2019,12
DMA,2020,12
DMA,2021,12
DMA,2022,12
DMA,2023,12
DMA,2024,12
DNK,2000,9
DNK,2001,9
DNK,2002,9
DNK,2003,9
DNK,2004,9
DNK,2005,9
DNK,2006,9
DNK,2007,9
DNK,2008,9
DNK,2009,9
DNK,2010,9
DNK,2011,10
DNK,2012,10
DNK,2013,10
DNK,2014,10
DNK,2015,10
DNK,2016,10
DNK,2017,10
DNK,2018,10
DNK,2019,10
DNK,2020,10
DNK,2021,10
DNK,2022,10
DNK,2023,10
DOM,2000,8
DOM,2001,8
DOM,2002,8
DOM,2003,8
DOM,2004,8
DOM,2005,8
DOM,2006,8
DOM,2007,8
DOM,2008,8
DOM,2009,8
DOM,2010,12
DOM,2011,12
DOM,2012,12
DOM,2013,12
DOM,2014,12
DOM,2015,12
DOM,2016,12
DOM,2017,12
DOM,2018,12
DOM,2019,12
DOM,2020,12
DOM,2021,12
DOM,2022,12
DOM,2023,12
DZA,2000,10
DZA,2001,10
DZA,2002,10
DZA,2003,10
DZA,2004,10
DZA,2005,10
DZA,2006,10
DZA,2007,10
DZA,2008,10
DZA,2009,10
DZA,2010,10
DZA,2011,10
DZA,2012,10
DZA,2013,10
DZA,2014,10
DZA,2015,10
DZA,2016,10
DZA,2017,10
DZA,2018,10
DZA,2019,10
DZA,2020,10
DZA,2021,10
DZA,2022,10
DZA,2023,10
ECU,2000,9
ECU,2001,9
ECU,2002,9
ECU,2003,9
ECU,2004,9
ECU,2005,9
ECU,2006,9
ECU,2007,9
ECU,2008,9
ECU,2009,9
ECU,2010,12
ECU,2011,12
ECU,2012,12
ECU,2013,12
ECU,2014,12
ECU,2015,12
ECU,2016,12
ECU,2017,12
ECU,2018,12
ECU,2019,12
ECU,2020,12
ECU,2021,12
ECU,2022,12
ECU,2023,12
ECU,2024,12
EGY,2000,9
EGY,2001,9
EGY,2002,9
EGY,2003,9
EGY,2004,9
EGY,2005,9
EGY,2006,9
EGY,2007,9
EGY,2008,9
EGY,2009,9
EGY,2010,9
EGY,2011,9
EGY,2012,9
EGY,2013,9
EGY,2014,9
EGY,2015,12
EGY,2016,12
EGY,2017,12
EGY,2018,12
EGY,2019,12
EGY,2020,12
EGY,2021,12
EGY,2022,12
EGY,2023,12
ERI,2000,0
ERI,2001,0
ERI,2002,0
ERI,2003,0
ERI,2004,0
ERI,2005,0
ERI,2006,0
ERI,2007,0
ERI,2008,0
ERI,2009,0
ERI,2010,8
ERI,2011,8
ERI,2012,8
ERI,2013,8
ERI,2014,8
ERI,2015,8
ERI,2016,8
ERI,2017,8
ERI,2018,8
ERI,2019,8
ERI,2020,8
ERI,2021,8
ERI,2022,8
ERI,2023,8
ESP,2000,10
ESP,2001,10
ESP,2002,10
ESP,2003,10
ESP,2004,10
ESP,2005,10
ESP,2006,10
ESP,2007,10
ESP,2008,10
ESP,2009,10
ESP,2010,10
ESP,2011,10
ESP,2012,10
ESP,2013,10
ESP,2014,10
ESP,2015,10
ESP,2016,10
ESP,2017,10
ESP,2018,10
ESP,2019,10
ESP,2020,10
ESP,2021,10
ESP,2022,10
ESP,2023,10
ESP,2024,10
EST,2000,9
EST,2001,9
EST,2002,9
EST,2003,9
EST,2004,9
EST,2005,9
EST,2006,9
EST,2007,9
EST,2008,9
EST,2009,9
EST,2010,9
EST,2011,9
EST,2012,9
EST,2013,9
EST,2014,9
EST,2015,9
EST,2016,9
EST,2017,9
EST,2018,9
EST,2019,9
EST,2020,9
EST,2021,9
EST,2022,9
EST,2023,9
ETH,2000,8
ETH,2001,8
ETH,2002,8
ETH,2003,8
ETH,2004,8
ETH,2005,8
ETH,2006,8
ETH,2007,8
ETH,2008,8
ETH,2009,8
ETH,2010,8
ETH,2011,8
ETH,2012,8
ETH,2013,8
ETH,2014,8
ETH,2015,8
ETH,2016,8
ETH,2017,8
ETH,2018,8
ETH,2019,8
ETH,2020,8
ETH,2021,8
ETH,2022,8
ETH,2023,8
FIN,2000,9
FIN,2001,9
FIN,2002,9
FIN,2003,9
FIN,2004,9
FIN,2005,9
FIN,2006,9
FIN,2007,9
FIN,2008,9
FIN,2009,9
FIN,2010,9
FIN,2011,9
FIN,2012,9
FIN,2013,9
FIN,2014,9
FIN,2015,9
FIN,2016,9
FIN,2017,9
FIN,2018,9
FIN,2019,9
FIN,2020,9
FIN,2021,9
FIN,2022,11
FIN,2023,11
FIN,2024,11
FJI,2000,0
FJI,2001,0
FJI,2002,0
FJI,2003,0
FJI,2004,0
FJI,2005,0
FJI,2006,0
FJI,2007,0
FJI,2008,0
FJI,2009,0
FJI,2010,0
FJI,2011,0
FJI,2012,0
FJI,2013,0
FJI,2014,0
FJI,2015,0
FJI,2016,0
FJI,2017,0
FJI,2018,0
FJI,2019,0
FJI,2020,0
FJI,2021,0
FJI,2022,0
FJI,2023,0
FJI,2024,0
FRA,2000,10
FRA,2001,10
FRA,2002,10
FRA,2003,10
FRA,2004,10
FRA,2005,10
FRA,2006,10
FRA,2007,10
FRA,2008,10
FRA,2009,10
FRA,2010,10
FRA,2011,10
FRA,2012,10
FRA,2013,10
FRA,2014,10
FRA,2015,10
FRA,2016,10
FRA,2017,10
FRA,2018,10
FRA,2019,10
FRA,2020,10
FRA,2021,10
FRA,2022,10
FRA,2023,10
FSM,2000,0
FSM,2001,0
FSM,2002,0
FSM,2003,0
FSM,2004,0
FSM,2005,0
FSM,2006,0
FSM,2007,0
FSM,2008,0
FSM,2009,0
FSM,2010,0
FSM,2011,0
FSM,2012,0
FSM,2013,0
FSM,2014,0
FSM,2015,0
FSM,2016,8
FSM,2017,8
FSM,2018,8
FSM,2019,8
FSM,2020,8
FSM,2021,8
FSM,2022,8
FSM,2023,8
FSM,2024,8
GAB,2000,10
GAB,2001,10
GAB,2002,10
GAB,2003,10
GAB,2004,10
GAB,2005,10
GAB,2006,10
GAB,2007,10
GAB,2008,10
GAB,2009,10
GAB,2010,10
GAB,2011,10
GAB,2012,10
GAB,2013,10
GAB,2014,10
GAB,2015,10
GAB,2016,10
GAB,2017,10
GAB,2018,10
GAB,2019,10
GAB,2020,10
GAB,2021,10
GAB,2022,10
GAB,2023,10
GBR,2000,11
GBR,2001,11
GBR,2002,11
GBR,2003,11
GBR,2004,11
GBR,2005,11
GBR,2006,11
GBR,2007,11
GBR,2008,11
GBR,2009,11
GBR,2010,11
GBR,2011,11
GBR,2012,11
GBR,2013,11
GBR,2014,11
GBR,2015,11
GBR,2016,11
GBR,2017,11
GBR,2018,11
GBR,2019,11
GBR,2020,11
GBR,2021,11
GBR,2022,11
GBR,2023,11
GEO,2000,6
GEO,2001,6
GEO,2002,6
GEO,2003,6
GEO,2004,6
GEO,2005,9
GEO,2006,9
GEO,2007,9
GEO,2008,9
GEO,2009,9
GEO,2010,9
GEO,2011,9
GEO,2012,9
GEO,2013,9
GEO,2014,9
GEO,2015,9
GEO,2016,9
GEO,2017,9
GEO,2018,9
GEO,2019,9
GEO,2020,9
GEO,2021,9
GEO,2022,9
GEO,2023,9
GEO,2024,9
GHA,2000,9
GHA,2001,9
GHA,2002,9
GHA,2003,9
GHA,2004,9
GHA,2005,9
GHA,2006,9
GHA,2007,9
GHA,2008,9
GHA,2009,9
GHA,2010,9
GHA,2011,9
GHA,2012,9
GHA,2013,9
GHA,2014,9
GHA,2015,9
GHA,2016,9
GHA,2017,9
GHA,2018,9
GHA,2019,9
GHA,2020,9
GHA,2021,9
GHA,2022,9
GHA,2023,9
GIB,2000,10
GIB,2001,10
GIB,2002,10
GIB,2003,10
GIB,2004,10
GIB,2005,10
GIB,2006,10
GIB,2007,10
GIB,2008,10
GIB,2009,10
GIB,2010,10
GIB,2011,10
GIB,2012,10
GIB,2013,10
GIB,2014,10
GIB,2015,10
GIB,2016,10
GIB,2017,10
GIB,2018,10
GIB,2019,10
GIB,2020,10
GIB,2021,10
GIB,2022,12
GIB,2023,12
GIB,2024,12
GIN,2000,6
GIN,2001,6
GIN,2002,6
GIN,2003,6
GIN,2004,6
GIN,2005,6
GIN,2006,6
GIN,2007,6
GIN,2008,6
GIN,2009,6
GIN,2010,6
GIN,2011,6
GIN,2012,6
GIN,2013,6
GIN,2014,6
GIN,2015,6
GIN,2016,6
GIN,2017,6
GIN,2018,6
GIN,2019,6
GIN,2020,6
GIN,2021,6
GIN,2022,6
GIN,2023,6
GMB,2000,9
GMB,2001,9
GMB,2002,9
GMB,2003,9
GMB,2004,9
GMB,2005,9
GMB,2006,9
GMB,2007,9
GMB,2008,9
GMB,2009,9
GMB,2010,9
GMB,2011,9
GMB,2012,9
GMB,2013,9
GMB,2014,9
GMB,2015,9
GMB,2016,9
GMB,2017,9
GMB,2018,9
GMB,2019,9
GMB,2020,9
GMB,2021,9
GMB,2022,9
GMB,2023,9
GMB,2024,9
GNB,2000,6
GNB,2001,9
GNB,2002,9
GNB,2003,9
GNB,2004,9
GNB,2005,9
GNB,2006,9
GNB,2007,9
GNB,2008,9
GNB,2009,9
GNB,2010,9
GNB,2011,9
GNB,2012,9
GNB,2013,9
GNB,2014,9
GNB,2015,9
GNB,2016,9
GNB,2017,9
GNB,2018,9
GNB,2019,9
GNB,2020,9
GNB,2021,9
GNB,2022,9
GNB,2023,9
GNQ,2000,5
GNQ,2001,5
GNQ,2002,5
GNQ,2003,5
GNQ,2004,5
GNQ,2005,5
GNQ,2006,5
GNQ,2007,6
GNQ,2008,6
GNQ,2009,6
GNQ,2010,6
GNQ,2011,6
GNQ,2012,6
GNQ,2013,6
GNQ,2014,6
GNQ,2015,6
GNQ,2016,6
GNQ,2017,6
GNQ,2018,6
GNQ,2019,6
GNQ,2020,6
GNQ,2021,6
GNQ,2022,6
GNQ,2023,6
GRC,2000,9
GRC,2001,9
GRC,2002,9
GRC,2003,9
GRC,2004,9
GRC,2005,9
GRC,2006,9
GRC,2007,9
GRC,2008,9
GRC,2009,9
GRC,2010,9
GRC,2011,9
GRC,2012,9
GRC,2013,9
GRC,2014,9
GRC,2015,9
GRC,2016,9
GRC,2017,9
GRC,2018,9
GRC,2019,9
GRC,2020,9
GRC,2021,9
GRC,2022,9
GRC,2023,9
GRD,2000,9
GRD,2001,9
GRD,2002,12
GRD,2003,12
GRD,2004,12
GRD,2005,12
GRD,2006,12
GRD,2007,12
GRD,2008,12
GRD,2009,12
GRD,2010,12
GRD,2011,12
GRD,2012,12
GRD,2013,12
GRD,2014,12
GRD,2015,12
GRD,2016,12
GRD,2017,12
GRD,2018,12
GRD,2019,12
GRD,2020,12
GRD,2021,12
GRD,2022,12
GRD,2023,12
GRD,2024,12
GTM,2000,9
GTM,2001,9
GTM,2002,9
GTM,2003,9
GTM,2004,9
GTM,2005,9
GTM,2006,9
GTM,2007,9
GTM,2008,9
GTM,2009,9
GTM,2010,9
GTM,2011,9
GTM,2012,9
GTM,2013,9
GTM,2014,9
GTM,2015,9
GTM,2016,9
GTM,2017,9
GTM,2018,9
GTM,2019,9
GTM,2020,9
GTM,2021,9
GTM,2022,9
GTM,2023,9
GTM,2024,9
GUY,2000,6
GUY,2001,6
GUY,2002,6
GUY,2003,6
GUY,2004,6
GUY,2005,6
GUY,2006,6
GUY,2007,6
GUY,2008,6
GUY,2009,6
GUY,2010,6
GUY,2011,6
GUY,2012,6
GUY,2013,6
GUY,2014,6
GUY,2015,6
GUY,2016,6
GUY,2017,6
GUY,2018,6
GUY,2019,6
GUY,2020,6
GUY,2021,6
GUY,2022,6
GUY,2023,6
HKG,2000,9
HKG,2001,9
HKG,2002,9
HKG,2003,9
HKG,2004,9
HKG,2005,9
HKG,2006,9
HKG,2007,9
HKG,2008,9
HKG,2009,9
HKG,2010,9
HKG,2011,9
HKG,2012,9
HKG,2013,9
HKG,2014,9
HKG,2015,9
HKG,2016,9
HKG,2017,9
HKG,2018,9
HKG,2019,9
HKG,2020,9
HKG,2021,9
HKG,2022,9
HKG,2023,9
HKG,2024,9
HND,2000,8
HND,2001,8
HND,2002,8
HND,2003,9
HND,2004,9
HND,2005,9
HND,2006,9
HND,2007,9
HND,2008,9
HND,2009,9
HND,2010,9
HND,2011,11
HND,2012,11
HND,2013,11
HND,2014,11
HND,2015,11
HND,2016,11
HND,2017,11
HND,2018,11
HND,2019,11
HND,2020,11
HND,2021,11
HND,2022,11
HND,2023,11
HRV,2000,8
HRV,2001,8
HRV,2002,8
HRV,2003,8
HRV,2004,8
HRV,2005,8
HRV,2006,8
HRV,2007,8
HRV,2008,8
HRV,2009,8
HRV,2010,8
HRV,2011,8
HRV,2012,8
HRV,2013,8
HRV,2014,8
HRV,2015,8
HRV,2016,8
HRV,2017,8
HRV,2018,8
HRV,2019,8
HRV,2020,8
HRV,2021,8
HRV,2022,8
HRV,2023,8
HRV,2024,8
HTI,2000,6
HTI,2001,6
HTI,2002,6
HTI,2003,6
HTI,2004,6
HTI,2005,6
HTI,2006,6
HTI,2007,6
HTI,2008,6
HTI,2009,6
HTI,2010,6
HTI,2011,6
HTI,2012,6
HTI,2013,6
HTI,2014,6
HTI,2015,6
HTI,2016,6
HTI,2017,6
HTI,2018,6
HTI,2019,6
HTI,2020,6
HTI,2021,6
HTI,2022,6
HTI,2023,6
HUN,2000,12
HUN,2001,12
HUN,2002,12
HUN,2003,12
HUN,2004,12
HUN,2005,12
HUN,2006,12
HUN,2007,12
HUN,2008,12
HUN,2009,12
HUN,2010,12
HUN,2011,12
HUN,2012,12
HUN,2013,10
HUN,2014,10
HUN,2015,10
HUN,2016,10
HUN,2017,10
HUN,2018,10
HUN,2019,10
HUN,2020,10
HUN,2021,10
HUN,2022,10
HUN,2023,10
IDN,2000,0
IDN,2001,0
IDN,2002,9
IDN,2003,9
IDN,2004,9
IDN,2005,9
IDN,2006,9
IDN,2007,9
IDN,2008,9
IDN,2009,9
IDN,2010,9
IDN,2011,9
IDN,2012,9
IDN,2013,9
IDN,2014,9
IDN,2015,9
IDN,2016,9
IDN,2017,9
IDN,2018,9
IDN,2019,9
IDN,2020,9
IDN,2021,9
IDN,2022,9
IDN,2023,9
IDN,2024,9
IND,2000,0
IND,2001,0
IND,2002,0
IND,2003,0
IND,2004,0
IND,2005,0
IND,2006,0
IND,2007,0
IND,2008,0
IND,2009,8
IND,2010,8
IND,2011,8
IND,2012,8
IND,2013,8
IND,2014,8
IND,2015,8
IND,2016,8
IND,2017,8
IND,2018,8
IND,2019,8
IND,2020,8
IND,2021,8
IND,2022,8
IND,2023,8
IND,2024,8
IRL,2000,10
IRL,2001,10
IRL,2002,10
IRL,2003,10
IRL,2004,10
IRL,2005,10
IRL,2006,10
IRL,2007,10
IRL,2008,10
IRL,2009,10
IRL,2010,10
IRL,2011,10
IRL,2012,10
IRL,2013,10
IRL,2014,10
IRL,2015,10
IRL,2016,10
IRL,2017,10
IRL,2018,10
IRL,2019,10
IRL,2020,10
IRL,2021,10
IRL,2022,10
IRL,2023,10
IRN,2000,5
IRN,2001,5
IRN,2002,5
IRN,2003,5
IRN,2004,5
IRN,2005,8
IRN,2006,8
IRN,2007,8
IRN,2008,8
IRN,2009,8
IRN,2010,8
IRN,2011,8
IRN,2012,8
IRN,2013,9
IRN,2014,9
IRN,2015,9
IRN,2016,9
IRN,2017,9
IRN,2018,9
IRN,2019,9
IRN,2020,9
IRN,2021,9
IRN,2022,9
IRN,2023,9
IRN,2024,9
IRQ,2000,6
IRQ,2001,6
IRQ,2002,6
IRQ,2003,6
IRQ,2004,6
IRQ,2005,6
IRQ,2006,6
IRQ,2007,6
IRQ,2008,6
IRQ,2009,6
IRQ,2010,6
IRQ,2011,6
IRQ,2012,6
IRQ,2013,6
IRQ,2014,6
IRQ,2015,6
IRQ,2016,6
IRQ,2017,6
IRQ,2018,6
IRQ,2019,6
IRQ,2020,6
IRQ,2021,6
IRQ,2022,6
IRQ,2023,6
ISL,2000,10
ISL,2001,10
ISL,2002,10
ISL,2003,10
ISL,2004,10
ISL,2005,10
ISL,2006,10
ISL,2007,10
ISL,2008,10
ISL,2009,10
ISL,2010,10
ISL,2011,10
ISL,2012,10
ISL,2013,10
ISL,2014,10
ISL,2015,10
ISL,2016,10
ISL,2017,10
ISL,2018,10
ISL,2019,10
ISL,2020,10
ISL,2021,10
ISL,2022,10
ISL,2023,10
ISR,2000,10
ISR,2001,10
ISR,2002,10
ISR,2003,10
ISR,2004,10
ISR,2005,10
ISR,2006,10
ISR,2007,10
ISR,2008,10
ISR,2009,12
ISR,2010,12
ISR,2011,12
ISR,2012,12
ISR,2013,12
ISR,2014,12
ISR,2015,12
ISR,2016,12
ISR,2017,12
ISR,2018,12
ISR,2019,12
ISR,2020,12
ISR,2021,12
ISR,2022,12
ISR,2023,12
ITA,2000,8
ITA,2001,8
ITA,2002,8
ITA,2003,12
ITA,2004,12
ITA,2005,12
ITA,2006,12
ITA,2007,12
ITA,2008,12
ITA,2009,12
ITA,2010,12
ITA,2011,12
ITA,2012,12
ITA,2013,12
ITA,2014,12
ITA,2015,12
ITA,2016,12
ITA,2017,12
ITA,2018,12
ITA,2019,12
ITA,2020,12
ITA,2021,12
ITA,2022,12
ITA,2023,12
ITA,2024,12
JAM,2000,6
JAM,2001,6
JAM,2002,6
JAM,2003,6
JAM,2004,6
JAM,2005,6
JAM,2006,6
JAM,2007,6
JAM,2008,6
JAM,2009,6
JAM,2010,6
JAM,2011,6
JAM,2012,6
JAM,2013,6
JAM,2014,6
JAM,2015,6
JAM,2016,6
JAM,2017,6
JAM,2018,6
JAM,2019,6
JAM,2020,6
JAM,2021,6
JAM,2022,6
JAM,2023,6
JOR,2000,10
JOR,2001,10
JOR,2002,10
JOR,2003,10
JOR,2004,10
JOR,2005,10
JOR,2006,10
JOR,2007,10
JOR,2008,10
JOR,2009,10
JOR,2010,10
JOR,2011,10
JOR,2012,10
JOR,2013,10
JOR,2014,10
JOR,2015,10
JOR,2016,10
JOR,2017,10
JOR,2018,10
JOR,2019,10
JOR,2020,10
JOR,2021,10
JOR,2022,10
JOR,2023,10
JPN,2000,9
JPN,2001,9
JPN,2002,9
JPN,2003,9
JPN,2004,9
JPN,2005,9
JPN,2006,9
JPN,2007,9
JPN,2008,9
JPN,2009,9
JPN,2010,9
JPN,2011,9
JPN,2012,9
JPN,2013,9
JPN,2014,9
JPN,2015,9
JPN,2016,9
JPN,2017,9
JPN,2018,9
JPN,2019,9
JPN,2020,9
JPN,2021,9
JPN,2022,9
JPN,2023,9
JPN,2024,9
KAZ,2000,9
KAZ,2001,9
KAZ,2002,9
KAZ,2003,9
KAZ,2004,9
KAZ,2005,9
KAZ,2006,9
KAZ,2007,9
KAZ,2008,9
KAZ,2009,9
KAZ,2010,9
KAZ,2011,9
KAZ,2012,9
KAZ,2013,9
KAZ,2014,9
KAZ,2015,9
KAZ,2016,9
KAZ,2017,9
KAZ,2018,9
KAZ,2019,9
KAZ,2020,9
KAZ,2021,9
KAZ,2022,9
KAZ,2023,9
KAZ,2024,9
KEN,2000,8
KEN,2001,8
KEN,2002,8
KEN,2003,8
KEN,2004,8
KEN,2005,8
KEN,2006,8
KEN,2007,8
KEN,2008,8
KEN,2009,8
KEN,2010,8
KEN,2011,8
KEN,2012,8
KEN,2013,12
KEN,2014,12
KEN,2015,12
KEN,2016,12
KEN,2017,12
KEN,2018,12
KEN,2019,12
KEN,2020,12
KEN,2021,12
KEN,2022,12
KEN,2023,12
KGZ,2000,9
KGZ,2001,9
KGZ,2002,9
KGZ,2003,9
KGZ,2004,9
KGZ,2005,9
KGZ,2006,9
KGZ,2007,9
KGZ,2008,9
KGZ,2009,9
KGZ,2010,9
KGZ,2011,9
KGZ,2012,9
KGZ,2013,9
KGZ,2014,9
KGZ,2015,9
KGZ,2016,9
KGZ,2017,9
KGZ,2018,9
KGZ,2019,9
KGZ,2020,9
KGZ,2021,9
KGZ,2022,9
KGZ,2023,9
KGZ,2024,9
KHM,2000,0
KHM,2001,0
KHM,2002,0
KHM,2003,0
KHM,2004,0
KHM,2005,0
KHM,2006,0
KHM,2007,0
KHM,2008,0
KHM,2009,0
KHM,2010,0
KHM,2011,0
KHM,2012,0
KHM,2013,0
KHM,2014,0
KHM,2015,0
KHM,2016,0
KHM,2017,0
KHM,2018,0
KHM,2019,0
KHM,2020,0
KHM,2021,0
KHM,2022,0
KHM,2023,0
KHM,2024,0
KIR,2000,0
KIR,2001,0
KIR,2002,0
KIR,2003,0
KIR,2004,0
KIR,2005,0
KIR,2006,0
KIR,2007,0
KIR,2008,0
KIR,2009,0
KIR,2010,0
KIR,2011,0
KIR,2012,0
KIR,2013,9
KIR,2014,9
KIR,2015,9
KIR,2016,9
KIR,2017,9
KIR,2018,9
KIR,2019,9
KIR,2020,9
KIR,2021,9
KIR,2022,9
KIR,2023,9
KIR,2024,9
KNA,2000,12
KNA,2001,12
KNA,2002,12
KNA,2003,12
KNA,2004,12
KNA,2005,12
KNA,2006,12
KNA,2007,12
KNA,2008,12
KNA,2009,12
KNA,2010,12
KNA,2011,12
KNA,2012,12
KNA,2013,12
KNA,2014,12
KNA,2015,12
KNA,2016,12
KNA,2017,12
KNA,2018,12
KNA,2019,12
KNA,2020,12
KNA,2021,12
KNA,2022,12
KNA,2023,12
KNA,2024,12
KOR,2000,6
KOR,2001,6
KOR,2002,7
KOR,2003,8
KOR,2004,9
KOR,2005,9
KOR,2006,9
KOR,2007,9
KOR,2008,9
KOR,2009,9
KOR,2010,9
KOR,2011,9
KOR,2012,9
KOR,2013,9
KOR,2014,9
KOR,2015,9
KOR,2016,9
KOR,2017,9
KOR,2018,9
KOR,2019,9
KOR,2020,9
KOR,2021,9
KOR,2022,9
KOR,2023,9
KOR,2024,9
KWT,2000,9
KWT,2001,9
KWT,2002,9
KWT,2003,9
KWT,2004,9
KWT,2005,9
KWT,2006,9
KWT,2007,9
KWT,2008,9
KWT,2009,9
KWT,2010,9
KWT,2011,9
KWT,2012,9
KWT,2013,9
KWT,2014,9
KWT,2015,9
KWT,2016,9
KWT,2017,9
KWT,2018,9
KWT,2019,9
KWT,2020,9
KWT,2021,9
KWT,2022,9
KWT,2023,9
LAO,2000,5
LAO,2001,5
LAO,2002,5
LAO,2003,5
LAO,2004,5
LAO,2005,5
LAO,2006,5
LAO,2007,5
LAO,2008,5
LAO,2009,5
LAO,2010,5
LAO,2011,5
LAO,2012,5
LAO,2013,5
LAO,2014,5
LAO,2015,5
LAO,2016,9
LAO,2017,9
LAO,2018,9
LAO,2019,9
LAO,2020,9
LAO,2021,9
LAO,2022,9
LAO,2023,9
LAO,2024,9
LBN,2000,6
LBN,2001,6
LBN,2002,9
LBN,2003,9
LBN,2004,9
LBN,2005,9
LBN,2006,9
LBN,2007,9
LBN,2008,9
LBN,2009,9
LBN,2010,9
LBN,2011,9
LBN,2012,9
LBN,2013,10
LBN,2014,10
LBN,2015,10
LBN,2016,10
LBN,2017,10
LBN,2018,10
LBN,2019,10
LBN,2020,10
LBN,2021,10
LBN,2022,10
LBN,2023,10
LBR,2000,0
LBR,2001,0
LBR,2002,0
LBR,2003,6
LBR,2004,6
LBR,2005,6
LBR,2006,6
LBR,2007,6
LBR,2008,6
LBR,2009,6
LBR,2010,6
LBR,2011,6
LBR,2012,6
LBR,2013,6
LBR,2014,6
LBR,2015,6
LBR,2016,6
LBR,2017,6
LBR,2018,6
LBR,2019,6
LBR,2020,6
LBR,2021,6
LBR,2022,6
LBR,2023,6
LBY,2000,9
LBY,2001,9
LBY,2002,9
LBY,2003,9
LBY,2004,9
LBY,2005,9
LBY,2006,9
LBY,2007,9
LBY,2008,9
LBY,2009,9
LBY,2010,9
LBY,2011,9
LBY,2012,9
LBY,2013,9
LBY,2014,9
LBY,2015,9
LBY,2016,9
LBY,2017,9
LBY,2018,9
LBY,2019,9
LBY,2020,9
LBY,2021,9
LBY,2022,9
LBY,2023,9
LCA,2000,10
LCA,2001,10
LCA,2002,10
LCA,2003,10
LCA,2004,10
LCA,2005,10
LCA,2006,10
LCA,2007,10
LCA,2008,10
LCA,2009,10
LCA,2010,10
LCA,2011,10
LCA,2012,10
LCA,2013,10
LCA,2014,10
LCA,2015,10
LCA,2016,10
LCA,2017,10
LCA,2018,10
LCA,2019,10
LCA,2020,10
LCA,2021,10
LCA,2022,10
LCA,2023,10
LIE,2000,8
LIE,2001,8
LIE,2002,8
LIE,2003,8
LIE,2004,8
LIE,2005,8
LIE,2006,8
LIE,2007,8
LIE,2008,8
LIE,2009,8
LIE,2010,8
LIE,2011,8
LIE,2012,8
LIE,2013,8
LIE,2014,8
LIE,2015,8
LIE,2016,8
LIE,2017,8
LIE,2018,8
LIE,2019,8
LIE,2020,8
LIE,2021,8
LIE,2022,10
LIE,2023,10
LKA,2000,9
LKA,2001,9
LKA,2002,9
LKA,2003,9
LKA,2004,9
LKA,2005,9
LKA,2006,9
LKA,2007,9
LKA,2008,9
LKA,2009,9
LKA,2010,9
LKA,2011,9
LKA,2012,9
LKA,2013,9
LKA,2014,9
LKA,2015,9
LKA,2016,11
LKA,2017,11
LKA,2018,11
LKA,2019,11
LKA,2020,11
LKA,2021,11
LKA,2022,11
LKA,2023,11
LKA,2024,11
LSO,2000,0
LSO,2001,0
LSO,2002,0
LSO,2003,0
LSO,2004,0
LSO,2005,0
LSO,2006,0
LSO,2007,0
LSO,2008,0
LSO,2009,0
LSO,2010,7
LSO,2011,7
LSO,2012,7
LSO,2013,7
LSO,2014,7
LSO,2015,7
LSO,2016,7
LSO,2017,7
LSO,2018,7
LSO,2019,7
LSO,2020,7
LSO,2021,7
LSO,2022,7
LSO,2023,7
LTU,2000,10
LTU,2001,10
LTU,2002,10
LTU,2003,10
LTU,2004,10
LTU,2005,10
LTU,2006,10
LTU,2007,10
LTU,2008,10
LTU,2009,10
LTU,2010,10
LTU,2011,10
LTU,2012,10
LTU,2013,10
LTU,2014,10
LTU,2015,10
LTU,2016,10
LTU,2017,10
LTU,2018,10
LTU,2019,10
LTU,2020,10
LTU,2021,10
LTU,2022,10
LTU,2023,10
LUX,2000,9
LUX,2001,9
LUX,2002,9
LUX,2003,9
LUX,2004,9
LUX,2005,9
LUX,2006,9
LUX,2007,9
LUX,2008,9
LUX,2009,10
LUX,2010,10
LUX,2011,10
LUX,2012,10
LUX,2013,10
LUX,2014,10
LUX,2015,10
LUX,2016,10
LUX,2017,10
LUX,2018,10
LUX,2019,10
LUX,2020,10
LUX,2021,10
LUX,2022,10
LUX,2023,10
LVA,2000,9
LVA,2001,9
LVA,2002,9
LVA,2003,9
LVA,2004,9
LVA,2005,9
LVA,2006,9
LVA,2007,9
LVA,2008,9
LVA,2009,9
LVA,2010,9
LVA,2011,9
LVA,2012,9
LVA,2013,9
LVA,2014,9
LVA,2015,9
LVA,2016,9
LVA,2017,9
LVA,2018,9
LVA,2019,9
LVA,2020,9
LVA,2021,9
LVA,2022,9
LVA,2023,9
MAC,2000,9
MAC,2001,9
MAC,2002,9
MAC,2003,9
MAC,2004,9
MAC,2005,9
MAC,2006,9
MAC,2007,9
MAC,2008,9
MAC,2009,9
MAC,2010,9
MAC,2011,9
MAC,2012,9
MAC,2013,9
MAC,2014,9
MAC,2015,9
MAC,2016,9
MAC,2017,9
MAC,2018,9
MAC,2019,9
MAC,2020,9
MAC,2021,9
MAC,2022,9
MAC,2023,9
MAC,2024,9
MAR,2000,9
MAR,2001,9
MAR,2002,9
MAR,2003,9
MAR,2004,9
MAR,2005,9
MAR,2006,9
MAR,2007,9
MAR,2008,9
MAR,2009,9
MAR,2010,9
MAR,2011,9
MAR,2012,9
MAR,2013,9
MAR,2014,9
MAR,2015,9
MAR,2016,9
MAR,2017,9
MAR,2018,9
MAR,2019,9
MAR,2020,9
MAR,2021,9
MAR,2022,9
MAR,2023,9
MCO,2007,11
MCO,2008,11
MCO,2009,11
MCO,2010,11
MCO,2011,11
MCO,2012,11
MCO,2013,11
MCO,2014,11
MCO,2015,11
MCO,2016,11
MCO,2017,11
MCO,2018,11
MCO,2019,11
MCO,2020,11
MCO,2021,11
MCO,2022,11
MCO,2023,11
MCO,2024,11
MDA,2000,9
MDA,2001,9
MDA,2002,9
MDA,2003,9
MDA,2004,9
MDA,2005,9
MDA,2006,9
MDA,2007,9
MDA,2008,9
MDA,2009,9
MDA,2010,9
MDA,2011,9
MDA,2012,9
MDA,2013,9
MDA,2014,9
MDA,2015,9
MDA,2016,9
MDA,2017,12
MDA,2018,12
MDA,2019,12
MDA,2020,12
MDA,2021,9
MDA,2022,9
MDA,2023,9
MDA,2024,9
MDG,2000,5
MDG,2001,5
MDG,2002,5
MDG,2003,5
MDG,2004,5
MDG,2005,5
MDG,2006,5
MDG,2007,5
MDG,2008,5
MDG,2009,5
MDG,2010,5
MDG,2011,5
MDG,2012,5
MDG,2013,5
MDG,2014,5
MDG,2015,5
MDG,2016,5
MDG,2017,5
MDG,2018,5
MDG,2019,5
MDG,2020,5
MDG,2021,5
MDG,2022,5
MDG,2023,5
MDV,2000,7
MDV,2001,7
MDV,2002,7
MDV,2003,7
MDV,2004,7
MDV,2005,7
MDV,2006,7
MDV,2007,7
MDV,2008,7
MDV,2009,7
MDV,2010,7
MDV,2011,7
MDV,2012,7
MDV,2013,7
MDV,2014,7
MDV,2015,7
MDV,2016,7
MDV,2017,7
MDV,2018,7
MDV,2019,7
MDV,2020,7
MDV,2021,7
MDV,2022,10
MDV,2023,10
MDV,2024,10
MEX,2000,9
MEX,2001,9
MEX,2002,9
MEX,2003,9
MEX,2004,9
MEX,2005,9
MEX,2006,9
MEX,2007,9
MEX,2008,9
MEX,2009,9
MEX,2010,9
MEX,2011,9
MEX,2012,12
MEX,2013,12
MEX,2014,12
MEX,2015,12
MEX,2016,12
MEX,2017,12
MEX,2018,12
MEX,2019,12
MEX,2020,12
MEX,2021,12
MEX,2022,12
MEX,2023,12
MHL,2000,8
MHL,2001,8
MHL,2002,8
MHL,2003,8
MHL,2004,8
MHL,2005,8
MHL,2006,8
MHL,2007,8
MHL,2008,8
MHL,2009,8
MHL,2010,8
MHL,2011,8
MHL,2012,8
MHL,2013,8
MHL,2014,12
MHL,2015,12
MHL,2016,12
MHL,2017,12
MHL,2018,12
MHL,2019,12
MHL,2020,12
MHL,2021,12
MHL,2022,12
MHL,2023,12
MHL,2024,12
MKD,2004,8
MKD,2005,8
MKD,2006,8
MKD,2007,8
MKD,2008,9
MKD,2009,9
MKD,2010,13
MKD,2011,13
MKD,2012,13
MKD,2013,13
MKD,2014,13
MKD,2015,13
MKD,2016,13
MKD,2017,13
MKD,2018,13
MKD,2019,13
MKD,2020,13
MKD,2021,13
MKD,2022,13
MKD,2023,13
MLI,2000,9
MLI,2001,9
MLI,2002,9
MLI,2003,9
MLI,2004,9
MLI,2005,9
MLI,2006,9
MLI,2007,9
MLI,2008,9
MLI,2009,9
MLI,2010,9
MLI,2011,9
MLI,2012,9
MLI,2013,9
MLI,2014,9
MLI,2015,9
MLI,2016,9
MLI,2017,9
MLI,2018,9
MLI,2019,9
MLI,2020,9
MLI,2021,9
MLI,2022,9
MLI,2023,9
MLT,2000,11
MLT,2001,11
MLT,2002,11
MLT,2003,11
MLT,2004,11
MLT,2005,11
MLT,2006,11
MLT,2007,11
MLT,2008,11
MLT,2009,11
MLT,2010,11
MLT,2011,11
MLT,2012,11
MLT,2013,11
MLT,2014,11
MLT,2015,11
MLT,2016,11
MLT,2017,11
MLT,2018,11
MLT,2019,11
MLT,2020,11
MLT,2021,11
MLT,2022,11
MLT,2023,11
MMR,2000,5
MMR,2001,5
MMR,2002,5
MMR,2003,5
MMR,2004,5
MMR,2005,5
MMR,2006,5
MMR,2007,5
MMR,2008,5
MMR,2009,5
MMR,2010,5
MMR,2011,5
MMR,2012,5
MMR,2013,5
MMR,2014,5
MMR,2015,5
MMR,2016,5
MMR,2017,5
MMR,2018,5
MMR,2019,5
MMR,2020,5
MMR,2021,5
MMR,2022,5
MMR,2023,5
MMR,2024,5
MNE,2001,8
MNE,2002,8
MNE,2003,8
MNE,2004,8
MNE,2005,8
MNE,2006,8
MNE,2007,8
MNE,2008,8
MNE,2009,8
MNE,2010,8
MNE,2011,9
MNE,2012,9
MNE,2013,9
MNE,2014,9
MNE,2015,9
MNE,2016,9
MNE,2017,9
MNE,2018,9
MNE,2019,9
MNE,2020,9
MNE,2021,9
MNE,2022,9
MNE,2023,9
MNG,2000,8
MNG,2001,8
MNG,2002,7
MNG,2003,7
MNG,2004,7
MNG,2005,8
MNG,2006,11
MNG,2007,11
MNG,2008,11
MNG,2009,11
MNG,2010,11
MNG,2011,12
MNG,2012,12
MNG,2013,12
MNG,2014,12
MNG,2015,12
MNG,2016,12
MNG,2017,12
MNG,2018,12
MNG,2019,12
MNG,2020,12
MNG,2021,12
MNG,2022,12
MNG,2023,12
MNG,2024,12
MOZ,2000,0
MOZ,2001,0
MOZ,2002,0
MOZ,2003,0
MOZ,2004,0
MOZ,2005,0
MOZ,2006,0
MOZ,2007,0
MOZ,2008,0
MOZ,2009,0
MOZ,2010,0
MOZ,2011,0
MOZ,2012,0
MOZ,2013,0
MOZ,2014,0
MOZ,2015,0
MOZ,2016,0
MOZ,2017,0
MOZ,2018,0
MOZ,2019,0
MOZ,2020,0
MOZ,2021,0
MOZ,2022,0
MOZ,2023,0
MRT,2000,0
MRT,2001,9
MRT,2002,9
MRT,2003,9
MRT,2004,9
MRT,2005,9
MRT,2006,9
MRT,2007,9
MRT,2008,9
MRT,2009,9
MRT,2010,9
MRT,2011,9
MRT,2012,9
MRT,2013,9
MRT,2014,9
MRT,2015,9
MRT,2016,9
MRT,2017,9
MRT,2018,9
MRT,2019,9
MRT,2020,9
MRT,2021,9
MRT,2022,9
MRT,2023,9
MSR,2000,7
MSR,2001,7
MSR,2002,7
MSR,2003,7
MSR,2004,7
MSR,2005,7
MSR,2006,7
MSR,2007,7
MSR,2008,11
MSR,2009,12
MSR,2010,12
MSR,2011,12
MSR,2012,12
MSR,2013,12
MSR,2014,12
MSR,2015,12
MSR,2016,12
MSR,2017,12
MSR,2018,12
MSR,2019,12
MSR,2020,12
MSR,2021,12
MSR,2022,12
MSR,2023,12
MSR,2024,12
MTQ,2018,0
MTQ,2019,0
MTQ,2020,0
MTQ,2021,0
MTQ,2022,0
MTQ,2023,0
MUS,2000,6
MUS,2001,6
MUS,2002,6
MUS,2003,6
MUS,2004,11
MUS,2005,11
MUS,2006,11
MUS,2007,11
MUS,2008,11
MUS,2009,11
MUS,2010,11
MUS,2011,11
MUS,2012,11
MUS,2013,11
MUS,2014,11
MUS,2015,11
MUS,2016,11
MUS,2017,11
MUS,2018,11
MUS,2019,11
MUS,2020,11
MUS,2021,11
MUS,2022,12
MUS,2023,12
MUS,2024,12
MWI,2000,8
MWI,2001,8
MWI,2002,8
MWI,2003,8
MWI,2004,8
MWI,2005,8
MWI,2006,8
MWI,2007,8
MWI,2008,8
MWI,2009,8
MWI,2010,8
MWI,2011,8
MWI,2012,8
MWI,2013,8
MWI,2014,8
MWI,2015,8
MWI,2016,8
MWI,2017,8
MWI,2018,8
MWI,2019,8
MWI,2020,8
MWI,2021,8
MWI,2022,8
MWI,2023,8
MYS,2000,0
MYS,2001,0
MYS,2002,0
MYS,2003,6
MYS,2004,6
MYS,2005,6
MYS,2006,6
MYS,2007,6
MYS,2008,6
MYS,2009,6
MYS,2010,6
MYS,2011,6
MYS,2012,6
MYS,2013,6
MYS,2014,6
MYS,2015,6
MYS,2016,6
MYS,2017,6
MYS,2018,6
MYS,2019,6
MYS,2020,6
MYS,2021,6
MYS,2022,6
MYS,2023,6
MYS,2024,6
NAM,2000,7
NAM,2001,7
NAM,2002,7
NAM,2003,7
NAM,2004,7
NAM,2005,7
NAM,2006,7
NAM,2007,7
NAM,2008,7
NAM,2009,7
NAM,2010,7
NAM,2011,7
NAM,2012,7
NAM,2013,7
NAM,2014,7
NAM,2015,7
NAM,2016,7
NAM,2017,7
NAM,2018,7
NAM,2019,7
NAM,2020,7
NAM,2021,7
NAM,2022,7
NAM,2023,7
NCL,2018,0
NCL,2019,0
NCL,2020,0
NCL,2021,0
NCL,2022,0
NCL,2023,0
NER,2000,0
NER,2001,0
NER,2002,0
NER,2003,0
NER,2004,0
NER,2005,0
NER,2006,0
NER,2007,0
NER,2008,0
NER,2009,0
NER,2010,0
NER,2011,0
NER,2012,0
NER,2013,0
NER,2014,0
NER,2015,0
NER,2016,0
NER,2017,0
NER,2018,0
NER,2019,0
NER,2020,0
NER,2021,0
NER,2022,0
NER,2023,0
NGA,2000,0
NGA,2001,0
NGA,2002,0
NGA,2003,0
NGA,2004,9
NGA,2005,9
NGA,2006,9
NGA,2007,9
NGA,2008,9
NGA,2009,9
NGA,2010,9
NGA,2011,9
NGA,2012,9
NGA,2013,9
NGA,2014,9
NGA,2015,9
NGA,2016,9
NGA,2017,9
NGA,2018,9
NGA,2019,9
NGA,2020,9
NGA,2021,9
NGA,2022,9
NGA,2023,9
NIC,2000,6
NIC,2001,6
NIC,2002,6
NIC,2003,6
NIC,2004,6
NIC,2005,6
NIC,2006,6
NIC,2007,6
NIC,2008,6
NIC,2009,6
NIC,2010,6
NIC,2011,6
NIC,2012,6
NIC,2013,6
NIC,2014,6
NIC,2015,6
NIC,2016,6
NIC,2017,6
NIC,2018,6
NIC,2019,6
NIC,2020,6
NIC,2021,6
NIC,2022,6
NIC,2023,6
NIU,2000,11
NIU,2001,11
NIU,2002,11
NIU,2003,11
NIU,2004,11
NIU,2005,11
NIU,2006,11
NIU,2007,11
NIU,2008,11
NIU,2009,11
NIU,2010,11
NIU,2011,11
NIU,2012,11
NIU,2013,11
NIU,2014,11
NIU,2015,11
NIU,2016,11
NIU,2017,11
NIU,2018,11
NIU,2019,11
NIU,2020,11
NIU,2021,11
NIU,2022,11
NIU,2023,11
NIU,2024,11
NLD,2000,12
NLD,2001,12
NLD,2002,12
NLD,2003,12
NLD,2004,12
NLD,2005,12
NLD,2006,12
NLD,2007,12
NLD,2008,12
NLD,2009,12
NLD,2010,12
NLD,2011,12
NLD,2012,12
NLD,2013,12
NLD,2014,12
NLD,2015,12
NLD,2016,12
NLD,2017,12
NLD,2018,12
NLD,2019,12
NLD,2020,12
NLD,2021,12
NLD,2022,12
NLD,2023,12
NOR,2000,10
NOR,2001,10
NOR,2002,10
NOR,2003,10
NOR,2004,10
NOR,2005,10
NOR,2006,10
NOR,2007,10
NOR,2008,10
NOR,2009,10
NOR,2010,10
NOR,2011,10
NOR,2012,10
NOR,2013,10
NOR,2014,10
NOR,2015,10
NOR,2016,10
NOR,2017,10
NOR,2018,10
NOR,2019,10
NOR,2020,10
NOR,2021,10
NOR,2022,10
NOR,2023,10
NPL,2000,0
NPL,2001,0
NPL,2002,0
NPL,2003,0
NPL,2004,0
NPL,2005,0
NPL,2006,0
NPL,2007,0
NPL,2008,0
NPL,2009,0
NPL,2010,0
NPL,2011,0
NPL,2012,0
NPL,2013,0
NPL,2014,0
NPL,2015,8
NPL,2016,8
NPL,2017,8
NPL,2018,8
NPL,2019,8
NPL,2020,8
NPL,2021,8
NPL,2022,8
NPL,2023,8
NPL,2024,8
NRU,2000,10
NRU,2001,10
NRU,2002,10
NRU,2003,10
NRU,2004,10
NRU,2005,10
NRU,2006,10
NRU,2007,10
NRU,2008,10
NRU,2009,10
NRU,2010,10
NRU,2011,12
NRU,2012,12
NRU,2013,12
NRU,2014,12
NRU,2015,12
NRU,2016,12
NRU,2017,12
NRU,2018,12
NRU,2019,12
NRU,2020,12
NRU,2021,12
NRU,2022,12
NRU,2023,12
NRU,2024,12
NZL,2000,10
NZL,2001,10
NZL,2002,10
NZL,2003,10
NZL,2004,10
NZL,2005,10
NZL,2006,10
NZL,2007,10
NZL,2008,10
NZL,2009,10
NZL,2010,10
NZL,2011,10
NZL,2012,10
NZL,2013,10
NZL,2014,10
NZL,2015,10
NZL,2016,10
NZL,2017,10
NZL,2018,10
NZL,2019,10
NZL,2020,10
NZL,2021,10
NZL,2022,10
NZL,2023,10
OMN,2000,0
OMN,2001,0
OMN,2002,0
OMN,2003,0
OMN,2004,0
OMN,2005,0
OMN,2006,0
OMN,2007,0
OMN,2008,0
OMN,2009,0
OMN,2010,0
OMN,2011,0
OMN,2012,0
OMN,2013,0
OMN,2014,0
OMN,2015,10
OMN,2016,10
OMN,2017,10
OMN,2018,10
OMN,2019,10
OMN,2020,10
OMN,2021,10
OMN,2022,10
OMN,2023,10
PAK,2000,12
PAK,2001,12
PAK,2002,12
PAK,2003,12
PAK,2004,12
PAK,2005,12
PAK,2006,12
PAK,2007,12
PAK,2008,12
PAK,2009,12
PAK,2010,12
PAK,2011,12
PAK,2012,12
PAK,2013,12
PAK,2014,12
PAK,2015,12
PAK,2016,12
PAK,2017,12
PAK,2018,12
PAK,2019,12
PAK,2020,12
PAK,2021,12
PAK,2022,12
PAK,2023,12
PAK,2024,12
PAN,2000,9
PAN,2001,9
PAN,2002,9
PAN,2003,9
PAN,2004,9
PAN,2005,9
PAN,2006,9
PAN,2007,9
PAN,2008,9
PAN,2009,9
PAN,2010,9
PAN,2011,9
PAN,2012,9
PAN,2013,9
PAN,2014,9
PAN,2015,9
PAN,2016,9
PAN,2017,9
PAN,2018,9
PAN,2019,9
PAN,2020,9
PAN,2021,9
PAN,2022,9
PAN,2023,9
PER,2000,11
PER,2001,11
PER,2002,11
PER,2003,11
PER,2004,11
PER,2005,11
PER,2006,11
PER,2007,11
PER,2008,11
PER,2009,11
PER,2010,11
PER,2011,11
PER,2012,11
PER,2013,11
PER,2014,11
PER,2015,11
PER,2016,11
PER,2017,11
PER,2018,11
PER,2019,11
PER,2020,11
PER,2021,11
PER,2022,11
PER,2023,11
PHL,2000,10
PHL,2001,10
PHL,2002,10
PHL,2003,10
PHL,2004,10
PHL,2005,10
PHL,2006,10
PHL,2007,10
PHL,2008,10
PHL,2009,10
PHL,2010,10
PHL,2011,10
PHL,2012,10
PHL,2013,10
PHL,2014,10
PHL,2015,10
PHL,2016,10
PHL,2017,10
PHL,2018,12
PHL,2019,12
PHL,2020,12
PHL,2021,12
PHL,2022,12
PHL,2023,12
PHL,2024,12
PLW,2000,0
PLW,2001,12
PLW,2002,12
PLW,2003,12
PLW,2004,12
PLW,2005,12
PLW,2006,12
PLW,2007,12
PLW,2008,12
PLW,2009,12
PLW,2010,12
PLW,2011,12
PLW,2012,12
PLW,2013,12
PLW,2014,12
PLW,2015,12
PLW,2016,12
PLW,2017,12
PLW,2018,12
PLW,2019,12
PLW,2020,12
PLW,2021,12
PLW,2022,12
PLW,2023,12
PLW,2024,12
PNG,2000,0
PNG,2001,0
PNG,2002,0
PNG,2003,0
PNG,2004,0
PNG,2005,0
PNG,2006,0
PNG,2007,0
PNG,2008,0
PNG,2009,0
PNG,2010,0
PNG,2011,0
PNG,2012,0
PNG,2013,0
PNG,2014,0
PNG,2015,0
PNG,2016,0
PNG,2017,0
PNG,2018,0
PNG,2019,0
PNG,2020,0
PNG,2021,0
PNG,2022,0
PNG,2023,0
PNG,2024,0
POL,2000,9
POL,2001,9
POL,2002,9
POL,2003,9
POL,2004,9
POL,2005,9
POL,2006,9
POL,2007,9
POL,2008,9
POL,2009,9
POL,2010,9
POL,2011,9
POL,2012,9
POL,2013,9
POL,2014,9
POL,2015,9
POL,2016,9
POL,2017,9
POL,2018,9
POL,2019,9
POL,2020,8
POL,2021,8
POL,2022,8
POL,2023,8
PRI,2000,12
PRI,2001,12
PRI,2002,12
PRI,2003,12
PRI,2004,12
PRI,2005,12
PRI,2006,12
PRI,2007,12
PRI,2008,12
PRI,2009,12
PRI,2010,12
PRI,2011,12
PRI,2012,12
PRI,2013,12
PRI,2014,12
PRI,2015,12
PRI,2016,12
PRI,2017,12
PRI,2018,12
PRI,2019,12
PRI,2020,12
PRI,2021,12
PRI,2022,12
PRI,2023,12
PRK,2000,10
PRK,2001,10
PRK,2002,10
PRK,2003,10
PRK,2004,10
PRK,2005,10
PRK,2006,10
PRK,2007,10
PRK,2008,10
PRK,2009,10
PRK,2010,10
PRK,2011,10
PRK,2012,10
PRK,2013,10
PRK,2014,11
PRK,2015,11
PRK,2016,11
PRK,2017,11
PRK,2018,11
PRK,2019,11
PRK,2020,11
PRK,2021,11
PRK,2022,11
PRK,2023,11
PRK,2024,11
PRT,2000,9
PRT,2001,9
PRT,2002,9
PRT,2003,9
PRT,2004,9
PRT,2005,9
PRT,2006,9
PRT,2007,9
PRT,2008,9
PRT,2009,12
PRT,2010,12
PRT,2011,12
PRT,2012,12
PRT,2013,12
PRT,2014,12
PRT,2015,12
PRT,2016,12
PRT,2017,12
PRT,2018,12
PRT,2019,12
PRT,2020,12
PRT,2021,12
PRT,2022,12
PRT,2023,12
PRY,2000,9
PRY,2001,9
PRY,2002,9
PRY,2003,9
PRY,2004,9
PRY,2005,9
PRY,2006,9
PRY,2007,9
PRY,2008,9
PRY,2009,9
PRY,2010,9
PRY,2011,12
PRY,2012,12
PRY,2013,12
PRY,2014,12
PRY,2015,12
PRY,2016,12
PRY,2017,12
PRY,2018,12
PRY,2019,12
PRY,2020,12
PRY,2021,12
PRY,2022,12
PRY,2023,12
PRY,2024,12
PSE,2000,10
PSE,2001,10
PSE,2002,10
PSE,2003,10
PSE,2004,10
PSE,2005,10
PSE,2006,10
PSE,2007,10
PSE,2008,10
PSE,2009,10
PSE,2010,10
PSE,2011,10
PSE,2012,10
PSE,2013,10
PSE,2014,10
PSE,2015,10
PSE,2016,10
PSE,2017,10
PSE,2018,10
PSE,2019,10
PSE,2020,10
PSE,2021,10
PSE,2022,10
PSE,2023,10
QAT,2000,0
QAT,2001,9
QAT,2002,9
QAT,2003,9
QAT,2004,9
QAT,2005,9
QAT,2006,9
QAT,2007,9
QAT,2008,9
QAT,2009,9
QAT,2010,9
QAT,2011,9
QAT,2012,9
QAT,2013,9
QAT,2014,9
QAT,2015,9
QAT,2016,9
QAT,2017,9
QAT,2018,9
QAT,2019,9
QAT,2020,9
QAT,2021,12
QAT,2022,12
QAT,2023,12
REU,2018,0
REU,2019,0
REU,2020,0
REU,2021,0
REU,2022,0
REU,2023,0
ROU,2000,8
ROU,2001,8
ROU,2002,8
ROU,2003,10
ROU,2004,10
ROU,2005,10
ROU,2006,10
ROU,2007,10
ROU,2008,10
ROU,2009,10
ROU,2010,10
ROU,2011,10
ROU,2012,10
ROU,2013,10
ROU,2014,10
ROU,2015,10
ROU,2016,10
ROU,2017,10
ROU,2018,10
ROU,2019,10
ROU,2020,10
ROU,2021,10
ROU,2022,10
ROU,2023,10
RUS,2000,8
RUS,2001,8
RUS,2002,8
RUS,2003,8
RUS,2004,9
RUS,2005,9
RUS,2006,9
RUS,2007,9
RUS,2008,9
RUS,2009,9
RUS,2010,9
RUS,2011,9
RUS,2012,9
RUS,2013,11
RUS,2014,11
RUS,2015,11
RUS,2016,11
RUS,2017,11
RUS,2018,11
RUS,2019,11
RUS,2020,11
RUS,2021,11
RUS,2022,11
RUS,2023,11
RWA,2000,6
RWA,2001,6
RWA,2002,6
RWA,2003,6
RWA,2004,6
RWA,2005,6
RWA,2006,6
RWA,2007,6
RWA,2008,6
RWA,2009,6
RWA,2010,6
RWA,2011,6
RWA,2012,6
RWA,2013,6
RWA,2014,6
RWA,2015,6
RWA,2016,6
RWA,2017,6
RWA,2018,6
RWA,2019,6
RWA,2020,6
RWA,2021,6
RWA,2022,6
RWA,2023,6
RWA,2024,6
SAU,2004,9
SAU,2005,9
SAU,2006,9
SAU,2007,9
SAU,2008,9
SAU,2009,9
SAU,2010,9
SAU,2011,9
SAU,2012,9
SAU,2013,9
SAU,2014,9
SAU,2015,9
SAU,2016,9
SAU,2017,9
SAU,2018,9
SAU,2019,9
SAU,2020,9
SAU,2021,9
SAU,2022,9
SAU,2023,9
SDN,2000,0
SDN,2001,0
SDN,2002,0
SDN,2003,0
SDN,2004,0
SDN,2005,6
SDN,2006,6
SDN,2007,6
SDN,2008,6
SDN,2009,6
SDN,2010,8
SDN,2011,8
SDN,2012,8
SDN,2013,8
SDN,2014,8
SDN,2015,8
SDN,2016,8
SDN,2017,8
SDN,2018,8
SDN,2019,8
SDN,2020,8
SDN,2021,8
SDN,2022,8
SDN,2023,8
SEN,2000,6
SEN,2001,6
SEN,2002,6
SEN,2003,6
SEN,2004,11
SEN,2005,11
SEN,2006,11
SEN,2007,11
SEN,2008,11
SEN,2009,11
SEN,2010,11
SEN,2011,11
SEN,2012,11
SEN,2013,11
SEN,2014,11
SEN,2015,11
SEN,2016,11
SEN,2017,11
SEN,2018,11
SEN,2019,11
SEN,2020,11
SEN,2021,11
SEN,2022,11
SEN,2023,11
SGP,2000,6
SGP,2001,6
SGP,2002,6
SGP,2003,6
SGP,2004,6
SGP,2005,6
SGP,2006,6
SGP,2007,6
SGP,2008,6
SGP,2009,6
SGP,2010,6
SGP,2011,6
SGP,2012,6
SGP,2013,6
SGP,2014,6
SGP,2015,6
SGP,2016,6
SGP,2017,6
SGP,2018,6
SGP,2019,6
SGP,2020,6
SGP,2021,6
SGP,2022,6
SGP,2023,6
SGP,2024,6
SHN,2018,0
SHN,2019,0
SHN,2020,0
SHN,2021,0
SHN,2022,0
SHN,2023,0
SLB,2000,0
SLB,2001,0
SLB,2002,0
SLB,2003,0
SLB,2004,0
SLB,2005,0
SLB,2006,0
SLB,2007,0
SLB,2008,0
SLB,2009,0
SLB,2010,0
SLB,2011,0
SLB,2012,0
SLB,2013,0
SLB,2014,0
SLB,2015,0
SLB,2016,0
SLB,2017,0
SLB,2018,0
SLB,2019,0
SLB,2020,0
SLB,2021,0
SLB,2022,0
SLB,2023,0
SLB,2024,0
SLE,2000,0
SLE,2001,0
SLE,2002,0
SLE,2003,0
SLE,2004,9
SLE,2005,9
SLE,2006,9
SLE,2007,9
SLE,2008,9
SLE,2009,9
SLE,2010,9
SLE,2011,9
SLE,2012,9
SLE,2013,9
SLE,2014,9
SLE,2015,9
SLE,2016,9
SLE,2017,9
SLE,2018,9
SLE,2019,9
SLE,2020,9
SLE,2021,9
SLE,2022,9
SLE,2023,9
SLV,2000,9
SLV,2001,9
SLV,2002,9
SLV,2003,9
SLV,2004,9
SLV,2005,9
SLV,2006,9
SLV,2007,9
SLV,2008,9
SLV,2009,9
SLV,2010,9
SLV,2011,9
SLV,2012,9
SLV,2013,9
SLV,2014,9
SLV,2015,9
SLV,2016,9
SLV,2017,9
SLV,2018,9
SLV,2019,9
SLV,2020,9
SLV,2021,9
SLV,2022,9
SLV,2023,9
SMR,2000,10
SMR,2001,10
SMR,2002,10
SMR,2003,10
SMR,2004,10
SMR,2005,10
SMR,2006,10
SMR,2007,10
SMR,2008,10
SMR,2009,10
SMR,2010,10
SMR,2011,10
SMR,2012,10
SMR,2013,10
SMR,2014,10
SMR,2015,10
SMR,2016,10
SMR,2017,10
SMR,2018,10
SMR,2019,10
SMR,2020,10
SMR,2021,10
SMR,2022,10
SMR,2023,10
SMR,2024,10
SOM,2000,0
SOM,2001,0
SOM,2002,0
SOM,2003,0
SOM,2004,0
SOM,2005,0
SOM,2006,0
SOM,2007,0
SOM,2008,0
SOM,2009,0
SOM,2010,0
SOM,2011,0
SOM,2012,0
SOM,2013,0
SOM,2014,0
SOM,2015,0
SOM,2016,0
SOM,2017,0
SOM,2018,0
SOM,2019,0
SOM,2020,0
SOM,2021,8
SOM,2022,8
SOM,2023,8
SRB,2000,8
SRB,2001,8
SRB,2002,8
SRB,2003,8
SRB,2004,8
SRB,2005,8
SRB,2006,8
SRB,2007,8
SRB,2008,8
SRB,2009,8
SRB,2010,8
SRB,2011,8
SRB,2012,8
SRB,2013,8
SRB,2014,8
SRB,2015,8
SRB,2016,8
SRB,2017,8
SRB,2018,8
SRB,2019,8
SRB,2020,8
SRB,2021,8
SRB,2022,8
SRB,2023,8
SSD,2008,8
SSD,2009,8
SSD,2010,8
SSD,2011,8
SSD,2012,8
SSD,2013,8
SSD,2014,8
SSD,2015,8
SSD,2016,8
SSD,2017,8
SSD,2018,8
SSD,2019,8
SSD,2020,8
SSD,2021,8
SSD,2022,8
SSD,2023,8
SSD,2024,8
STP,2000,6
STP,2001,6
STP,2002,6
STP,2003,6
STP,2004,6
STP,2005,6
STP,2006,6
STP,2007,6
STP,2008,6
STP,2009,6
STP,2010,6
STP,2011,6
STP,2012,6
STP,2013,6
STP,2014,6
STP,2015,6
STP,2016,6
STP,2017,6
STP,2018,6
STP,2019,6
STP,2020,6
STP,2021,6
STP,2022,6
STP,2023,6
STP,2024,6
SUR,2000,6
SUR,2001,6
SUR,2002,6
SUR,2003,6
SUR,2004,6
SUR,2005,6
SUR,2006,6
SUR,2007,6
SUR,2008,6
SUR,2009,6
SUR,2010,6
SUR,2011,6
SUR,2012,6
SUR,2013,6
SUR,2014,6
SUR,2015,6
SUR,2016,6
SUR,2017,6
SUR,2018,6
SUR,2019,6
SUR,2020,6
SUR,2021,6
SUR,2022,6
SUR,2023,6
SUR,2024,6
SVK,2000,10
SVK,2001,10
SVK,2002,10
SVK,2003,10
SVK,2004,10
SVK,2005,10
SVK,2006,10
SVK,2007,10
SVK,2008,10
SVK,2009,10
SVK,2010,10
SVK,2011,10
SVK,2012,10
SVK,2013,10
SVK,2014,10
SVK,2015,10
SVK,2016,10
SVK,2017,10
SVK,2018,10
SVK,2019,10
SVK,2020,10
SVK,2021,10
SVK,2022,10
SVK,2023,10
SVN,2000,8
SVN,2001,8
SVN,2002,8
SVN,2003,8
SVN,2004,9
SVN,2005,9
SVN,2006,9
SVN,2007,9
SVN,2008,9
SVN,2009,9
SVN,2010,9
SVN,2011,9
SVN,2012,9
SVN,2013,9
SVN,2014,9
SVN,2015,9
SVN,2016,9
SVN,2017,9
SVN,2018,9
SVN,2019,9
SVN,2020,9
SVN,2021,9
SVN,2022,9
SVN,2023,9
SWE,2000,9
SWE,2001,9
SWE,2002,9
SWE,2003,9
SWE,2004,9
SWE,2005,9
SWE,2006,9
SWE,2007,9
SWE,2008,9
SWE,2009,9
SWE,2010,9
SWE,2011,9
SWE,2012,9
SWE,2013,9
SWE,2014,9
SWE,2015,9
SWE,2016,9
SWE,2017,9
SWE,2018,9
SWE,2019,9
SWE,2020,9
SWE,2021,9
SWE,2022,9
SWE,2023,9
SWZ,2000,0
SWZ,2001,0
SWZ,2002,0
SWZ,2003,0
SWZ,2004,0
SWZ,2005,0
SWZ,2006,0
SWZ,2007,0
SWZ,2008,0
SWZ,2009,0
SWZ,2010,7
SWZ,2011,7
SWZ,2012,7
SWZ,2013,7
SWZ,2014,7
SWZ,2015,7
SWZ,2016,7
SWZ,2017,7
SWZ,2018,7
SWZ,2019,7
SWZ,2020,7
SWZ,2021,7
SWZ,2022,7
SWZ,2023,7
SXM,2000,11
SXM,2001,11
SXM,2002,11
SXM,2003,11
SXM,2004,11
SXM,2005,11
SXM,2006,11
SXM,2007,11
SXM,2008,11
SXM,2009,11
SXM,2010,11
SXM,2011,11
SXM,2012,11
SXM,2013,11
SXM,2014,11
SXM,2015,11
SXM,2016,11
SXM,2017,11
SXM,2018,11
SXM,2019,11
SXM,2020,11
SXM,2021,11
SXM,2022,11
SXM,2023,11
SYC,2000,10
SYC,2001,10
SYC,2002,10
SYC,2003,10
SYC,2004,10
SYC,2005,10
SYC,2006,10
SYC,2007,10
SYC,2008,10
SYC,2009,10
SYC,2010,10
SYC,2011,10
SYC,2012,10
SYC,2013,10
SYC,2014,10
SYC,2015,10
SYC,2016,11
SYC,2017,11
SYC,2018,11
SYC,2019,11
SYC,2020,11
SYC,2021,11
SYC,2022,11
SYC,2023,11
SYC,2024,11
SYR,2000,6
SYR,2001,6
SYR,2002,9
SYR,2003,9
SYR,2004,9
SYR,2005,9
SYR,2006,9
SYR,2007,9
SYR,2008,9
SYR,2009,9
SYR,2010,9
SYR,2011,9
SYR,2012,9
SYR,2013,9
SYR,2014,9
SYR,2015,9
SYR,2016,9
SYR,2017,9
SYR,2018,9
SYR,2019,9
SYR,2020,9
SYR,2021,9
SYR,2022,9
SYR,2023,9
TCA,2000,11
TCA,2001,11
TCA,2002,11
TCA,2003,11
TCA,2004,11
TCA,2005,11
TCA,2006,11
TCA,2007,11
TCA,2008,11
TCA,2009,11
TCA,2010,11
TCA,2011,11
TCA,2012,11
TCA,2013,11
TCA,2014,11
TCA,2015,11
TCA,2016,11
TCA,2017,11
TCA,2018,11
TCA,2019,11
TCA,2020,11
TCA,2021,11
TCA,2022,11
TCA,2023,11
TCD,2000,6
TCD,2001,6
TCD,2002,6
TCD,2003,6
TCD,2004,6
TCD,2005,6
TCD,2006,10
TCD,2007,10
TCD,2008,10
TCD,2009,10
TCD,2010,10
TCD,2011,10
TCD,2012,10
TCD,2013,10
TCD,2014,10
TCD,2015,10
TCD,2016,10
TCD,2017,10
TCD,2018,10
TCD,2019,10
TCD,2020,10
TCD,2021,10
TCD,2022,10
TCD,2023,10
TGO,2000,10
TGO,2001,10
TGO,2002,10
TGO,2003,10
TGO,2004,10
TGO,2005,10
TGO,2006,10
TGO,2007,10
TGO,2008,10
TGO,2009,10
TGO,2010,10
TGO,2011,10
TGO,2012,10
TGO,2013,10
TGO,2014,10
TGO,2015,10
TGO,2016,10
TGO,2017,10
TGO,2018,10
TGO,2019,10
TGO,2020,10
TGO,2021,10
TGO,2022,10
TGO,2023,10
THA,2000,9
THA,2001,9
THA,2002,9
THA,2003,9
THA,2004,9
THA,2005,9
THA,2006,9
THA,2007,9
THA,2008,9
THA,2009,9
THA,2010,9
THA,2011,9
THA,2012,9
THA,2013,9
THA,2014,9
THA,2015,9
THA,2016,9
THA,2017,9
THA,2018,9
THA,2019,9
THA,2020,9
THA,2021,9
THA,2022,9
THA,2023,9
THA,2024,9
TJK,2000,9
TJK,2001,9
TJK,2002,9
TJK,2003,9
TJK,2004,9
TJK,2005,9
TJK,2006,9
TJK,2007,9
TJK,2008,9
TJK,2009,9
TJK,2010,9
TJK,2011,9
TJK,2012,9
TJK,2013,9
TJK,2014,9
TJK,2015,9
TJK,2016,9
TJK,2017,9
TJK,2018,9
TJK,2019,9
TJK,2020,9
TJK,2021,9
TJK,2022,9
TJK,2023,9
TJK,2024,9
TKL,2000,0
TKL,2001,0
TKL,2002,0
TKL,2003,11
TKL,2004,11
TKL,2005,11
TKL,2006,11
TKL,2007,11
TKL,2008,11
TKL,2009,11
TKL,2010,11
TKL,2011,11
TKL,2012,11
TKL,2013,11
TKL,2014,11
TKL,2015,11
TKL,2016,11
TKL,2017,11
TKL,2018,11
TKL,2019,11
TKL,2020,11
TKL,2021,11
TKL,2022,11
TKL,2023,11
TKL,2024,11
TKM,2000,9
TKM,2001,9
TKM,2002,9
TKM,2003,9
TKM,2004,9
TKM,2005,9
TKM,2006,9
TKM,2007,9
TKM,2008,9
TKM,2009,10
TKM,2010,10
TKM,2011,10
TKM,2012,10
TKM,2013,10
TKM,2014,12
TKM,2015,12
TKM,2016,12
TKM,2017,12
TKM,2018,12
TKM,2019,12
TKM,2020,12
TKM,2021,12
TKM,2022,12
TKM,2023,12
TKM,2024,12
TLS,2000,6
TLS,2001,6
TLS,2002,6
TLS,2003,6
TLS,2004,6
TLS,2005,6
TLS,2006,6
TLS,2007,6
TLS,2008,9
TLS,2009,9
TLS,2010,9
TLS,2011,9
TLS,2012,9
TLS,2013,9
TLS,2014,9
TLS,2015,9
TLS,2016,9
TLS,2017,9
TLS,2018,9
TLS,2019,9
TLS,2020,9
TLS,2021,9
TLS,2022,9
TLS,2023,9
TLS,2024,9
TON,2000,6
TON,2001,6
TON,2002,6
TON,2003,6
TON,2004,6
TON,2005,6
TON,2006,6
TON,2007,6
TON,2008,6
TON,2009,6
TON,2010,6
TON,2011,6
TON,2012,8
TON,2013,8
TON,2014,13
TON,2015,13
TON,2016,13
TON,2017,13
TON,2018,13
TON,2019,13
TON,2020,13
TON,2021,13
TON,2022,13
TON,2023,13
TTO,2000,6
TTO,2001,6
TTO,2002,6
TTO,2003,6
TTO,2004,6
TTO,2005,6
TTO,2006,6
TTO,2007,6
TTO,2008,6
TTO,2009,6
TTO,2010,6
TTO,2011,6
TTO,2012,6
TTO,2013,6
TTO,2014,7
TTO,2015,7
TTO,2016,7
TTO,2017,7
TTO,2018,7
TTO,2019,7
TTO,2020,7
TTO,2021,7
TTO,2022,7
TTO,2023,7
TTO,2024,7
TUN,2002,9
TUN,2003,9
TUN,2004,9
TUN,2005,9
TUN,2006,9
TUN,2007,9
TUN,2008,9
TUN,2009,9
TUN,2010,9
TUN,2011,9
TUN,2012,9
TUN,2013,9
TUN,2014,9
TUN,2015,9
TUN,2016,9
TUN,2017,9
TUN,2018,9
TUN,2019,9
TUN,2020,9
TUN,2021,9
TUN,2022,9
TUN,2023,9
TUR,2000,8
TUR,2001,8
TUR,2002,8
TUR,2003,8
TUR,2004,8
TUR,2005,8
TUR,2006,8
TUR,2007,8
TUR,2008,8
TUR,2009,8
TUR,2010,8
TUR,2011,8
TUR,2012,12
TUR,2013,12
TUR,2014,12
TUR,2015,12
TUR,2016,12
TUR,2017,12
TUR,2018,12
TUR,2019,12
TUR,2020,12
TUR,2021,12
TUR,2022,12
TUR,2023,12
TUV,2000,0
TUV,2001,0
TUV,2002,0
TUV,2003,0
TUV,2004,0
TUV,2005,0
TUV,2006,0
TUV,2007,0
TUV,2008,8
TUV,2009,8
TUV,2010,8
TUV,2011,8
TUV,2012,8
TUV,2013,8
TUV,2014,8
TUV,2015,8
TUV,2016,8
TUV,2017,8
TUV,2018,9
TUV,2019,9
TUV,2020,9
TUV,2021,9
TUV,2022,9
TUV,2023,9
TUV,2024,9
TZA,2000,7
TZA,2001,7
TZA,2002,7
TZA,2003,7
TZA,2004,7
TZA,2005,7
TZA,2006,7
TZA,2007,7
TZA,2008,7
TZA,2009,7
TZA,2010,7
TZA,2011,7
TZA,2012,7
TZA,2013,7
TZA,2014,7
TZA,2015,7
TZA,2016,7
TZA,2017,7
TZA,2018,7
TZA,2019,7
TZA,2020,7
TZA,2021,7
TZA,2022,7
TZA,2023,7
TZA,2024,7
UGA,2000,0
UGA,2001,0
UGA,2002,0
UGA,2003,0
UGA,2004,0
UGA,2005,0
UGA,2006,0
UGA,2007,0
UGA,2008,7
UGA,2009,7
UGA,2010,7
UGA,2011,7
UGA,2012,7
UGA,2013,7
UGA,2014,7
UGA,2015,7
UGA,2016,7
UGA,2017,7
UGA,2018,7
UGA,2019,7
UGA,2020,7
UGA,2021,7
UGA,2022,7
UGA,2023,7
UKR,2000,10
UKR,2001,10
UKR,2002,10
UKR,2003,11
UKR,2004,11
UKR,2005,11
UKR,2006,11
UKR,2007,11
UKR,2008,11
UKR,2009,11
UKR,2010,11
UKR,2011,11
UKR,2012,11
UKR,2013,11
UKR,2014,11
UKR,2015,11
UKR,2016,11
UKR,2017,11
UKR,2018,11
UKR,2019,11
UKR,2020,11
UKR,2021,11
UKR,2022,11
UKR,2023,11
UKR,2024,11
URY,2000,9
URY,2001,9
URY,2002,9
URY,2003,9
URY,2004,9
URY,2005,9
URY,2006,9
URY,2007,9
URY,2008,12
URY,2009,12
URY,2010,12
URY,2011,12
URY,2012,12
URY,2013,12
URY,2014,12
URY,2015,12
URY,2016,12
URY,2017,12
URY,2018,12
URY,2019,12
URY,2020,12
URY,2021,12
URY,2022,12
URY,2023,12
USA,2000,12
USA,2001,12
USA,2002,12
USA,2003,12
USA,2004,12
USA,2005,12
USA,2006,12
USA,2007,12
USA,2008,12
USA,2009,12
USA,2010,12
USA,2011,12
USA,2012,12
USA,2013,12
USA,2014,12
USA,2015,12
USA,2016,12
USA,2017,12
USA,2018,12
USA,2019,12
USA,2020,12
USA,2021,12
USA,2022,12
USA,2023,12
USA,2024,12
UZB,2000,11
UZB,2001,11
UZB,2002,11
UZB,2003,11
UZB,2004,11
UZB,2005,11
UZB,2006,11
UZB,2007,11
UZB,2008,11
UZB,2009,11
UZB,2010,11
UZB,2011,12
UZB,2012,12
UZB,2013,12
UZB,2014,12
UZB,2015,12
UZB,2016,12
UZB,2017,12
UZB,2018,12
UZB,2019,12
UZB,2020,12
UZB,2021,12
UZB,2022,12
UZB,2023,12
UZB,2024,11
VCT,2000,0
VCT,2001,0
VCT,2002,0
VCT,2003,0
VCT,2004,0
VCT,2005,12
VCT,2006,12
VCT,2007,12
VCT,2008,12
VCT,2009,12
VCT,2010,12
VCT,2011,12
VCT,2012,12
VCT,2013,12
VCT,2014,12
VCT,2015,12
VCT,2016,12
VCT,2017,12
VCT,2018,12
VCT,2019,12
VCT,2020,12
VCT,2021,12
VCT,2022,12
VCT,2023,12
VEN,2000,11
VEN,2001,11
VEN,2002,11
VEN,2003,11
VEN,2004,11
VEN,2005,11
VEN,2006,11
VEN,2007,11
VEN,2008,11
VEN,2009,11
VEN,2010,11
VEN,2011,11
VEN,2012,11
VEN,2013,11
VEN,2014,11
VEN,2015,11
VEN,2016,11
VEN,2017,11
VEN,2018,11
VEN,2019,11
VEN,2020,11
VEN,2021,11
VEN,2022,11
VEN,2023,11
VEN,2024,11
VGB,2000,12
VGB,2001,12
VGB,2002,12
VGB,2003,12
VGB,2004,12
VGB,2005,12
VGB,2006,12
VGB,2007,12
VGB,2008,12
VGB,2009,12
VGB,2010,12
VGB,2011,12
VGB,2012,12
VGB,2013,12
VGB,2014,12
VGB,2015,12
VGB,2016,12
VGB,2017,12
VGB,2018,12
VGB,2019,12
VGB,2020,12
VGB,2021,12
VGB,2022,12
VGB,2023,12
VGB,2024,12
VNM,2000,5
VNM,2001,5
VNM,2002,5
VNM,2003,5
VNM,2004,5
VNM,2005,9
VNM,2006,9
VNM,2007,9
VNM,2008,9
VNM,2009,9
VNM,2010,9
VNM,2011,9
VNM,2012,9
VNM,2013,9
VNM,2014,9
VNM,2015,9
VNM,2016,9
VNM,2017,9
VNM,2018,9
VNM,2019,9
VNM,2020,9
VNM,2021,9
VNM,2022,9
VNM,2023,9
VNM,2024,9
VUT,2000,0
VUT,2001,0
VUT,2002,0
VUT,2003,0
VUT,2004,0
VUT,2005,0
VUT,2006,0
VUT,2007,0
VUT,2008,0
VUT,2009,0
VUT,2010,0
VUT,2011,0
VUT,2012,0
VUT,2013,0
VUT,2014,0
VUT,2015,0
VUT,2016,0
VUT,2017,0
VUT,2018,0
VUT,2019,0
VUT,2020,0
VUT,2021,0
VUT,2022,0
VUT,2023,0
VUT,2024,0
WSM,2000,8
WSM,2001,8
WSM,2002,8
WSM,2003,8
WSM,2004,8
WSM,2005,8
WSM,2006,8
WSM,2007,8
WSM,2008,8
WSM,2009,8
WSM,2010,8
WSM,2011,8
WSM,2012,8
WSM,2013,8
WSM,2014,8
WSM,2015,8
WSM,2016,8
WSM,2017,8
WSM,2018,8
WSM,2019,8
WSM,2020,8
WSM,2021,8
WSM,2022,8
WSM,2023,8
WSM,2024,8
YEM,2000,9
YEM,2001,9
YEM,2002,9
YEM,2003,9
YEM,2004,9
YEM,2005,9
YEM,2006,9
YEM,2007,9
YEM,2008,9
YEM,2009,9
YEM,2010,9
YEM,2011,9
YEM,2012,9
YEM,2013,9
YEM,2014,9
YEM,2015,9
YEM,2016,9
YEM,2017,9
YEM,2018,9
YEM,2019,9
YEM,2020,9
YEM,2021,9
YEM,2022,9
YEM,2023,9
ZAF,2000,9
ZAF,2001,9
ZAF,2002,9
ZAF,2003,9
ZAF,2004,9
ZAF,2005,9
ZAF,2006,9
ZAF,2007,9
ZAF,2008,9
ZAF,2009,9
ZAF,2010,9
ZAF,2011,9
ZAF,2012,9
ZAF,2013,9
ZAF,2014,9
ZAF,2015,9
ZAF,2016,9
ZAF,2017,9
ZAF,2018,9
ZAF,2019,9
ZAF,2020,9
ZAF,2021,9
ZAF,2022,9
ZAF,2023,9
ZAF,2024,9
ZMB,2000,7
ZMB,2001,7
ZMB,2002,7
ZMB,2003,7
ZMB,2004,7
ZMB,2005,7
ZMB,2006,7
ZMB,2007,7
ZMB,2008,7
ZMB,2009,7
ZMB,2010,7
ZMB,2011,7
ZMB,2012,7
ZMB,2013,7
ZMB,2014,7
ZMB,2015,7
ZMB,2016,7
ZMB,2017,7
ZMB,2018,7
ZMB,2019,7
ZMB,2020,7
ZMB,2021,7
ZMB,2022,7
ZMB,2023,7
ZMB,2024,7
ZWE,2000,7
ZWE,2001,7
ZWE,2002,7
ZWE,2003,7
ZWE,2004,7
ZWE,2005,7
ZWE,2006,7
ZWE,2007,7
ZWE,2008,7
ZWE,2009,7
ZWE,2010,7
ZWE,2011,7
ZWE,2012,7
ZWE,2013,7
ZWE,2014,7
ZWE,2015,7
ZWE,2016,7
ZWE,2017,7
ZWE,2018,7
ZWE,2019,7
ZWE,2020,7
ZWE,2021,7
ZWE,2022,7
ZWE,2023,7